stock_code,stock_name,fundamental_report_date,fundamental_notice_date,fundamental_report_type,fundamental_currency,has_fundamental_data,has_valuation_data,has_activity_data,has_limit_data,has_consolidation_data,data_complete,revenue,revenue_yoy,parent_net_profit,parent_net_profit_yoy,net_profit,gross_margin,net_margin,total_assets,total_assets_growth,total_liabilities,debt_to_asset_ratio,current_ratio,parent_equity,roe,operating_cash_flow,operating_cash_flow_to_net_profit,valuation_start_date,valuation_end_date,valuation_trading_days,pe_ttm_mean,pe_ttm_median,pe_ttm_min,pe_ttm_max,pe_ttm_year_end,pe_ttm_positive_mean,pe_ttm_positive_median,pe_ttm_nonpositive_day_rate,pe_static_mean,pe_static_median,pe_static_year_end,pe_static_positive_mean,pb_mean,pb_median,pb_min,pb_max,pb_year_end,total_market_value_mean,total_market_value_median,total_market_value_year_end,average_daily_return,average_absolute_return,annualized_volatility,average_intraday_range,maximum_intraday_range,average_turnover,median_turnover,maximum_turnover,average_turnover_ratio_20,maximum_turnover_ratio_20,average_volume_ratio_20,maximum_volume_ratio_20,large_move_count,large_up_move_count,large_down_move_count,large_move_rate,volume_surge_count,volume_surge_rate,high_turnover_day_count,turnover_surge_count,turnover_surge_rate,high_volatility_day_count,high_volatility_day_rate,average_price_to_ma20,maximum_price_above_ma20,maximum_price_below_ma20,average_ma5_to_ma20,average_ma20_slope_5,average_ma_spread,median_ma_spread,minimum_ma_spread,activity_style,touched_limit_up_count,limit_up_count,one_word_limit_up_count,failed_limit_up_count,failed_limit_up_rate,limit_down_count,first_limit_count,second_limit_count,third_or_more_limit_count,maximum_consecutive_limit_up_days,average_next_open_return,median_next_open_return,average_next_close_return,median_next_close_return,average_close_return_after_3_days,median_close_return_after_3_days,average_close_return_after_5_days,median_close_return_after_5_days,positive_next_close_rate,positive_3_day_rate,positive_5_day_rate,average_maximum_return_within_5_days,average_maximum_drawdown_within_5_days,average_failed_limit_pullback,average_limit_up_volume_ratio_5,average_failed_limit_volume_ratio_5,consolidation_period_count,consolidation_days,consolidation_day_rate,average_duration_days,maximum_duration_days,average_box_range,average_period_return,average_consolidation_turnover,average_consolidation_volatility,average_consolidation_ma_spread,active_consolidation_count,moderate_consolidation_count,mild_consolidation_count,up_breakout_count,down_breakout_count,inside_after_period_count
sz002067,景兴纸业,2025-12-31,2026-04-25,年报,CNY,True,True,True,True,True,True,6011715777.68,0.097163066357,55458068.84,-0.221798625966,59454712.37,0.0645762340297826,0.0098898075971489,9093848509.55,0.0376676908459999,2411931106.0,0.2652266643178722,1.9613933225566849,6662941917.98,0.0088800216404065,-26245237.23,-0.4414324144177169,2025-01-02,2025-12-31,243,122.18407407407408,123.64,45.01,231.91,134.2,122.18407407407408,123.64,0.0,80.51057613168724,70.04,116.93,80.51057613168724,1.0416460905349794,0.96,0.75,1.68,1.29,60.757942386831274,53.81,83.33,0.0022608567366746,0.0238337557447129,0.5376757698579584,0.0443947087155548,0.1874125874125873,0.0972559670781893,0.0705,0.5312,1.063242507106574,6.211134142730233,1.0725056113704328,6.211156780751904,26,17,9,0.1069958847736625,24,0.0987654320987654,0,23,0.0946502057613168,26,0.1069958847736625,0.0195011420850928,0.4255806998305254,-0.1570977917981072,0.0146643145536471,0.0098309295076922,0.0605050704522373,0.0467677160253918,0.0,highly_active,14,12,2,2,0.1428571428571428,2,9,2,1,3,0.0235298269293183,0.0205627705627705,0.0242116991035439,0.0174849582820861,0.0059451362631901,0.0222891146993317,-0.0029537502397778,0.0068858401715776,0.75,0.6666666666666666,0.5833333333333334,0.1251131664180597,-0.0670652670238148,-0.0522266370252803,1.3357596442773485,2.219575982986969,1,29,0.1193415637860082,29.0,29,0.1156069364161849,0.0494505494505492,0.0388310344827586,0.017611872206765,0.0175300222523542,0,0,1,1,0,0
sz002600,领益智造,2025-12-31,2026-03-28,年报,CNY,True,True,True,True,True,True,51428944353.94,0.161985707963,2287723584.28,0.303378130501,2326824934.66,0.1580244696822634,0.0452434900986207,57900451001.32,0.281168110207,33542502739.95,0.5793133241602092,1.1811523840414944,24040141759.83,0.104399155788072,4432801652.65,1.9050860194162949,2025-01-02,2025-12-31,243,41.07238683127572,41.64,26.94,62.26,49.59,41.07238683127572,41.64,0.0,43.44448559670782,36.01,64.75,43.44448559670782,3.771069958847736,3.47,2.39,6.08,4.9,783.4125514403293,681.9,1135.4,0.0034244879559014,0.0241831554375614,0.5329529555590161,0.0409200768372009,0.1365227537922987,0.0315102880658436,0.0237,0.1394,1.0844067910404098,4.64704580659438,1.0860995969503735,4.650887518099892,27,17,10,0.1111111111111111,21,0.0864197530864197,0,21,0.0864197530864197,20,0.0823045267489712,0.0294842305824006,0.4345730332109847,-0.2555177336115075,0.0228716053563888,0.0149515963417351,0.0715807454299626,0.0524178154825027,0.0,highly_active,8,7,0,1,0.125,2,5,2,0,2,0.0261362085718788,0.0255885363357215,0.0377965411248396,0.0399181166837256,0.0313669862930799,0.0073529411764705,0.048181831723878,-0.0163766632548618,0.7142857142857143,0.7142857142857143,0.4285714285714285,0.1324300820463405,-0.0477627487933567,-0.0077770576798443,1.336033003291068,1.5342664024497827,2,35,0.1440329218106996,17.5,23,0.1108653887204884,0.0750267583254254,0.0158451086956521,0.0185543932299241,0.0174906316005879,0,1,1,1,0,1
sz002230,科大讯飞,2025-12-31,2026-04-29,年报,CNY,True,True,True,True,True,True,27105390547.66,0.1611739080999999,839390861.36,0.4984769899239999,849468620.24,0.423568340762061,0.0313394717093768,44857109349.34,0.081444048954,24994625192.65,0.5572054364447753,1.3675426796105503,18794462168.69,0.0458835871787024,3208095271.78,3.776590677209028,2025-01-02,2025-12-31,243,267.91748971193414,166.61,133.95,619.89,138.87,267.91748971193414,166.61,0.0,195.8128806584362,197.59,207.55,195.8128806584362,6.5769958847736625,6.44,5.83,8.05,6.53,1146.2292592592592,1131.65,1162.63,0.0005453990396945,0.0134847486089259,0.3129648630147779,0.0254687041510835,0.0958292919495635,0.020212757201646,0.0156,0.0737,0.9947375073540732,4.032411820781697,0.9947444089496814,4.034467815448672,7,5,2,0.0288065843621399,11,0.0452674897119341,0,11,0.0452674897119341,2,0.0082304526748971,0.0011581389001834,0.1488184486727344,-0.1231393218175453,0.0013364586739643,0.0004545523213823,0.0333461378874263,0.0285771145801838,0.0,moderately_active,0,0,0,0,,1,0,0,0,0,,,,,,,,,,,,,,,,,3,105,0.4320987654320987,35.0,72,0.0851490176251122,0.0063629088656285,0.0133646578099838,0.0151030074406692,0.0225993886251743,0,0,3,1,1,0
sh600763,通策医疗,2025-12-31,2026-04-18,年报,CNY,True,True,True,True,True,True,2913101528.81,0.013683945133,501945804.29,0.001879385751,588289970.81,0.3862825243408788,0.2019462641421619,6041902888.46,-0.0298709577039999,1472743884.03,0.2437549744208786,1.4856901734036585,4234021339.21,0.1215101655304263,810718626.68,1.3780935710390307,2025-01-02,2025-12-31,243,38.32275720164609,38.08,34.81,44.54,34.81,38.32275720164609,38.08,0.0,38.614444444444445,38.07,35.87,38.614444444444445,4.610411522633744,4.55,4.14,5.26,4.14,193.51012345679015,190.86,179.85,-0.000123503930841,0.0121346154548937,0.2840887990944368,0.0233620957872578,0.1040556199304751,0.0165411522633744,0.0139,0.0795,1.0229086025616765,5.162337662337662,1.0229189867973458,5.159503068455063,5,3,2,0.0205761316872428,11,0.0452674897119341,0,11,0.0452674897119341,2,0.0082304526748971,1.1201362005354627e-05,0.1300228527899447,-0.1006819005369554,-3.784044977864716e-05,-3.793813586972356e-05,0.0276917651888151,0.022712490761271,0.0,quiet,1,1,0,0,0.0,1,1,0,0,1,-0.0099009900990099,-0.0099009900990099,-0.0299136296608384,-0.0299136296608384,-0.0174847271961238,-0.0174847271961238,-0.0301242890246471,-0.0301242890246471,0.0,0.0,0.0,0.0061091215504529,-0.0455024225826837,,2.162112527197742,,5,179,0.7366255144032922,35.8,54,0.1197124768422098,-0.0091365477859515,0.0164983455929797,0.0173698437743712,0.0269674306119743,0,1,4,1,2,1
sh603259,药明康德,2025-12-31,2026-03-24,年报,CNY,True,True,True,True,True,True,45456165774.18,0.1583717565579999,19150582400.69,1.0264505171490002,19333065892.26,0.4763871049709238,0.4253122885089785,103120968579.11,0.283783507211,22873254977.59,0.2218099315081841,3.206456766414526,79712290246.44,0.2768525302729772,17203161622.0,0.8898310137600728,2025-01-02,2025-12-31,243,19.48921810699588,19.32,15.05,24.5,18.04,19.48921810699588,19.32,0.0,24.16493827160494,21.4,28.62,24.16493827160494,3.6998765432098764,3.43,2.52,5.59,3.81,2289.008148148148,2022.04,2704.48,0.0028352072575438,0.0209442033512493,0.4663532538143152,0.0347642483530984,0.1240957150806901,0.0179008230452674,0.0155,0.0528,1.0208739386484222,3.410385259631491,1.020335028309752,3.40865544645504,21,14,7,0.0864197530864197,13,0.0534979423868312,0,13,0.0534979423868312,8,0.0329218106995884,0.0252381200014033,0.2507190083178761,-0.2155240250837612,0.0196431563208268,0.0132803188230302,0.0595114589146161,0.0503296260882693,0.0,moderately_active,2,1,0,1,0.5,1,1,0,0,1,0.0045366169799092,0.0045366169799092,0.0187945560596238,0.0187945560596238,0.0215165262475696,0.0215165262475696,0.0706416072585869,0.0706416072585869,1.0,1.0,1.0,0.077640959170447,0.0007777057679843,-0.0106488712196507,2.317644490618353,2.2568259149630694,2,41,0.1687242798353909,20.5,26,0.1168787489482588,0.0136834498239076,0.0123039743589743,0.0196853124564063,0.0263677865597415,0,0,2,1,0,0
sh603799,华友钴业,2025-12-31,2026-04-08,年报,CNY,True,True,True,True,True,True,81018674069.68,0.329361304158,6110378757.84,0.470670478997,7520255947.22,0.1746951235922132,0.0928212666224605,159437759775.5,0.16726065038,98616989325.74,0.6185296975108024,0.953692314794046,48295468220.57,0.1433670025250111,4011961997.48,0.5334874272415017,2025-01-02,2025-12-31,243,16.84604938271605,15.63,11.62,25.77,24.2,16.84604938271605,15.63,0.0,19.761563786008228,17.66,31.16,19.761563786008228,1.9885596707818927,1.79,1.38,3.56,2.71,783.4414403292182,647.95,1294.71,0.0041538825045727,0.0209948838712669,0.455638398057636,0.0376026371127393,0.1560217560217561,0.0333226337448559,0.0281,0.0918,1.0793529607625618,3.674492819694553,1.0847081966422614,3.67111486824304,19,13,6,0.0781893004115226,9,0.037037037037037,0,9,0.037037037037037,6,0.0246913580246913,0.0360792691930116,0.2979718608478943,-0.1875663337258836,0.027679359642998,0.0186746337340245,0.0570752780626745,0.0470371883939517,0.0,moderately_active,3,0,0,3,1.0,1,0,0,0,0,,,,,,,,,,,,,,-0.0076032951830738,,1.4708902152600831,2,32,0.1316872427983539,16.0,21,0.1297287187005291,0.035026413135362,0.0180876623376623,0.0178387030017025,0.0253382306354765,0,0,2,2,0,0
sh601012,隆基绿能,2025-12-31,2026-04-29,年报,CNY,True,True,True,True,True,True,70347049950.42,-0.148157984834,-6419556843.85,0.252853778426,-6509714466.5,0.008097714983805,-0.0925371351192124,153803608808.29,0.006295703246,99092656484.29,0.6442804382295411,1.290800795534483,54275611054.63,-0.1114819090288855,4359382755.77,-0.6696734208856717,2025-01-02,2025-12-31,243,-18.921152263374488,-16.29,-31.32,-14.01,-25.0,,,1.0,-6.75111111111111,-13.69,-16.0,11.172207792207793,2.14082304526749,2.08,1.73,3.04,2.42,1267.490205761317,1239.77,1379.21,0.0009313164637218,0.0162427145375028,0.3551020672936478,0.0303152958449643,0.108450704225352,0.0163255144032921,0.013,0.0735,1.0628291632347784,3.7366548042704624,1.062741444903314,3.7354093354028968,11,6,5,0.0452674897119341,13,0.0534979423868312,0,13,0.0534979423868312,5,0.0205761316872428,0.0091326203222794,0.1394969332057847,-0.1582321688284705,0.0068379703936535,0.0044474600395837,0.0438402689047831,0.0388965995836223,0.0,moderately_active,2,1,0,1,0.5,1,1,0,0,1,0.0105820105820106,0.0105820105820106,0.0346320346320347,0.0346320346320347,0.0466570466570468,0.0466570466570468,0.0509860509860511,0.0509860509860511,1.0,1.0,1.0,0.0832130832130833,-0.0028860028860028,-0.033099297893681,1.972673172736176,2.0660495451160235,5,108,0.4444444444444444,21.6,44,0.1259274853934643,0.0064062362602946,0.0140087512847775,0.0178209321967684,0.0248867069246335,0,2,3,2,0,2
sh600438,通威股份,2025-12-31,2026-04-30,年报,CNY,True,True,True,True,True,True,84128281703.14,-0.085506533657,-9553425884.06,-0.357260287758,-10900882964.61,0.0270048923726586,-0.1295745347928951,187779256397.63,-0.041535530381,136391138210.41,0.726337620176727,1.187787496932536,38883862844.82,-0.2187647159723351,1379185344.61,-0.1265205166487486,2025-01-02,2025-12-31,243,-11.603045267489712,-11.43,-15.28,-7.62,-11.08,,,1.0,-6.917942386831276,-11.74,-13.12,6.666103896103896,2.0612345679012347,2.01,1.48,2.93,2.21,922.3587242798353,940.92,923.81,8.760214444744641e-05,0.0208586870679562,0.4474105343858588,0.0382856788876274,0.1092436974789917,0.0167139917695473,0.0132,0.068,1.0555082090489438,5.326409495548961,1.0554829475228684,5.318085193839305,18,12,6,0.074074074074074,14,0.0576131687242798,0,14,0.0576131687242798,12,0.0493827160493827,0.0020708932926284,0.2349415464957569,-0.1798385123562513,0.001231884594946,0.0010599151432325,0.0526572761427009,0.0419857644832866,0.0,moderately_active,5,3,0,2,0.4,1,3,0,0,1,0.0046185906366711,0.0036188178528346,0.0126940592602483,0.0124875124875125,0.0182081727533808,0.0184815184815185,0.0422862603091929,0.006993006993007,0.6666666666666666,1.0,0.6666666666666666,0.0998771471244059,-0.0269476888857217,-0.0259367914816572,1.438432542898897,2.3963039712285004,1,19,0.0781893004115226,19.0,19,0.1106659989984977,-0.0610902255639097,0.0097105263157894,0.0230769852940773,0.0189740318690697,0,0,1,0,1,0
sz002361,神剑股份,2025-12-31,2026-04-28,年报,CNY,True,True,True,True,True,True,2418645668.95,0.000431817846,13298188.39,-0.604817296576,-7474387.29,0.1343530033529345,-0.0030903192583992,4547858121.38,0.032247752578,2339404416.63,0.5143969653829333,1.304969274351729,2196509772.51,0.0060073946532646,137510602.84,-18.3975752800468,2025-01-02,2025-12-31,243,178.8524691358025,173.05,138.37,396.4,392.29,178.8524691358025,173.05,0.0,198.94946502057613,188.22,405.28,198.94946502057613,2.754979423868313,2.7,2.08,6.23,6.16,61.541316872427984,60.68,136.38,0.0048034316226777,0.0252368686739681,0.5893072689667352,0.0430772696694334,0.1602760736196319,0.0836016460905349,0.049,0.4714,1.1073294141677033,5.6600028356727625,1.107764978983318,5.662015088634025,33,24,9,0.1358024691358024,21,0.0864197530864197,0,21,0.0864197530864197,29,0.1193415637860082,0.0327610622177067,0.7464143666385439,-0.180939331658674,0.0210406177326754,0.0111144832170172,0.0636001273612328,0.037539184952978,0.0,highly_active,23,17,1,6,0.2608695652173913,4,10,1,6,8,0.0294734311023251,0.0160109919838251,0.0278011952846333,0.0166374781085815,0.1118872553508649,0.0390243902439022,0.1751336790343674,0.0564399421128798,0.5,0.6666666666666666,0.6153846153846154,0.2309968188956686,-0.0489099713204413,-0.0522467267662352,1.3508043793557412,1.979477260282204,4,86,0.3539094650205761,21.5,42,0.123257542675149,0.0197183912989006,0.0411553932178932,0.0189131176378034,0.0249648641141831,1,1,2,1,1,2
sh601500,通用股份,2025-12-31,2026-04-30,年报,CNY,True,True,True,True,True,True,8496572454.06,0.221113962183,201387979.06,-0.461360125614,200982607.68,0.1305805989613897,0.0236545511459697,15118140426.46,-0.016972377227,8835643464.13,0.5844398328689765,0.7853450425746874,6227090118.85,0.0331779974333511,894301364.89,4.449645545020923,2025-01-02,2025-12-31,239,34.56405857740585,22.97,16.42,76.15,73.56,34.56405857740585,22.97,0.0,25.301422594142256,19.94,20.49,25.301422594142256,1.2665271966527194,1.24,1.09,1.52,1.25,76.18393305439331,74.38,76.61,-0.0001791963888539,0.0116404532247662,0.2953561536963109,0.0224696211870093,0.1172566371681416,0.0202451882845188,0.0151,0.0981,1.0291103307041307,6.9549805033676,1.0293386915818958,6.951788407863764,5,3,2,0.0209205020920502,12,0.0502092050209205,0,12,0.0502092050209205,6,0.0251046025104602,-0.0044008251548779,0.0792655620241826,-0.1550612206748295,-0.0034492824152739,-0.0025388091255713,0.0260336397118535,0.0182376150811047,0.0,quiet,4,2,0,2,0.5,1,2,0,0,1,0.0170575692963751,0.0170575692963751,0.0092035302690884,0.0092035302690884,0.0102696283501119,0.0102696283501119,0.0227389274243607,0.0227389274243607,1.0,1.0,1.0,0.0495128336617094,-0.0252894658713665,-0.0635398642877628,2.7327551395504126,2.424569631574766,3,162,0.6778242677824268,54.0,132,0.1096971012027131,0.020748737333636,0.0186621212121212,0.012746117126917,0.025503024278084,1,0,2,1,1,1
sh600231,凌钢股份,2025-12-31,2026-04-01,年报,CNY,True,True,True,True,True,True,15660884264.63,-0.134633622036,-1557256460.87,0.07220941864,-1557256460.87,-0.0595868475765182,-0.0994360493670879,15446955878.18,0.012584622931,11427644214.97,0.7397991102643348,0.3717215924031101,4019311663.21,-0.3228750587431468,-162628760.18,0.1044328691300747,2025-01-02,2025-12-31,243,-3.618641975308642,-3.29,-6.32,-2.52,-5.26,,,1.0,-4.341646090534979,-3.6,-3.63,,1.0602057613168725,1.03,0.78,1.55,1.29,55.62181069958848,55.05,60.98,0.0010981259371325,0.01637422184523,0.3843437324159522,0.0351602984553528,0.1203319502074688,0.0091555555555555,0.0064,0.05,1.1114236621040503,10.294784580498868,1.1112775274522273,10.27300394273004,11,6,5,0.0452674897119341,18,0.074074074074074,0,18,0.074074074074074,10,0.0411522633744856,0.0097155144760641,0.2067395264116573,-0.1265145111298957,0.0074224179778906,0.005168891563577,0.0366027425189181,0.0270127373227588,0.0,moderately_active,6,4,0,2,0.3333333333333333,1,4,0,0,1,-0.0112534970232079,-0.0119035323280314,-0.0397721068090974,-0.0346024231725908,-0.0214728486726168,-0.0225418302003717,-0.0498934602344255,-0.0348631950573698,0.0,0.25,0.0,0.0256756724110512,-0.08491400704254,-0.0537240537240536,2.0415583773589154,2.454254508149029,3,53,0.2181069958847736,17.666666666666668,37,0.1312791317425237,0.0382354886833857,0.0055217342342342,0.0152005432062516,0.0214149381509509,1,0,2,0,1,2
sz300274,阳光电源,2025-12-31,2026-04-01,年报,CNY,True,True,True,True,True,True,89184357325.77,0.145489746169,13461279955.37,0.21972995167,13532853538.91,0.3183170107276982,0.1517402148167933,118679392074.17,0.031333125839,68907524405.28,0.5806191218287964,1.6675243861454787,46610878177.03,0.3223643194557095,16917778579.11,1.2501264814894788,2025-01-02,2025-12-31,243,16.361481481481484,14.94,9.78,27.8,23.15,16.361481481481484,14.94,0.0,19.80037037037037,15.74,32.13,19.80037037037037,5.175473251028806,4.35,3.06,9.47,7.89,2111.6579012345683,1531.69,3546.02,0.0044139942247376,0.0256894370190108,0.5928055971434515,0.0448024821359127,0.1938379922464803,0.0360205761316872,0.0302,0.1187,1.0567535379483373,3.1100478468899526,1.056766060740467,3.110377715366884,26,18,8,0.1069958847736625,13,0.0534979423868312,0,13,0.0534979423868312,25,0.102880658436214,0.0398305098353655,0.3727926078028747,-0.1984637600078626,0.0301558277699331,0.0215752757785217,0.0761137083532174,0.0540739701572612,0.0,active,0,0,0,0,,0,0,0,0,0,,,,,,,,,,,,,,,,,2,40,0.1646090534979424,20.0,27,0.0984932610625148,-0.0032364881229959,0.0229631054131054,0.0197685192061254,0.0310147540677301,0,0,2,1,1,0
sh601636,旗滨集团,2025-12-31,2026-04-23,年报,CNY,True,True,True,True,True,True,15737303302.36,0.005628817407,619048036.91,0.618058158622,619982998.9,0.1311423307581867,0.0393957584084324,34238232375.14,-0.011253757681,18320354723.29,0.5350847123928105,1.1282026509055627,14877413681.45,0.0438734901829846,1763415927.28,2.844297231389775,2025-01-02,2025-12-31,243,28.738148148148152,32.73,11.79,43.84,29.31,28.738148148148152,32.73,0.0,32.90325102880659,39.0,45.86,32.90325102880659,1.2017695473251027,1.2,0.98,1.46,1.29,162.19156378600823,158.6,175.45,0.0004819569139772,0.0135296755033187,0.2956051555442029,0.0271657668587566,0.0728241563055062,0.0116633744855967,0.0097,0.0429,1.0540369774160798,5.461489497135583,1.0587408383780303,5.452577618074389,5,4,1,0.0205761316872428,10,0.0411522633744856,0,10,0.0411522633744856,0,0.0,0.0035566596911426,0.1647401394158651,-0.144987068309752,0.002659061511893,0.0020426305906718,0.0360607971302601,0.0243666602204601,0.0,quiet,0,0,0,0,,0,0,0,0,0,,,,,,,,,,,,,,,,,5,122,0.5020576131687243,24.4,49,0.1172095083879046,0.0265549757638172,0.0118770783185068,0.0171467127003159,0.0218488125514822,0,2,3,3,1,0
sz002129,TCL中环,2025-12-31,2026-03-25,年报,CNY,True,True,True,True,True,True,29050247640.35,0.022230001955,-9263788838.65,0.056483548269,-9882624552.11,-0.0635918238250771,-0.3401907162534238,118020660725.66,-0.060326542479,78649163862.64,0.6664016569561547,1.0366724863994283,22043039871.35,-0.3499089420850502,1143746903.31,-0.1157331129275575,2025-01-02,2025-12-31,243,-3.4986831275720167,-3.51,-4.63,-2.67,-3.63,,,1.0,0.7610288065843627,-3.28,-3.53,10.294,1.1858847736625513,1.13,0.9,1.76,1.38,345.76794238683124,344.07,346.5,0.0002272885410977,0.0168902590672372,0.3745736136822015,0.0319574314601857,0.1149097815764481,0.0217962962962962,0.0172,0.1065,1.0611647119532808,3.756345177664974,1.0611947874292238,3.761599972028637,11,9,2,0.0452674897119341,16,0.0658436213991769,0,16,0.0658436213991769,6,0.0246913580246913,0.0004896243260917,0.1533951604306578,-0.1391391391391391,-8.592745291467554e-05,0.0002290673485306,0.0425474541757041,0.0325283691841644,0.0,moderately_active,3,2,0,1,0.3333333333333333,1,1,1,0,2,0.0008016854037323,0.0008016854037323,0.0343519088191608,0.0343519088191608,0.0083567935069696,0.0083567935069696,0.0405174288892618,0.0405174288892618,0.5,0.5,0.5,0.08824132595037,-0.0230587094729385,-0.022583559168925,1.896623498025084,1.8465565425892576,4,115,0.4732510288065844,28.75,38,0.1350414968200728,-0.0029663259813763,0.0162141840980656,0.0167039456820881,0.0257430692506107,1,2,1,1,3,0
sz000100,TCL科技,2025-12-31,2026-03-28,年报,CNY,True,True,True,True,True,True,184210915000.0,0.116681291577,4516782000.0,1.88776123449,213847000.0,0.1315085192579115,0.0011608812648262,372738314312.0,-0.014576533402,239395336001.0,0.6422611435662998,0.9739030861298122,61432756524.0,0.0788266595721124,44021698000.0,205.8560466127652,2025-01-02,2025-12-31,243,36.71720164609053,36.56,27.3,45.78,30.61,36.71720164609053,36.56,0.0,50.99843621399177,54.13,60.38,50.99843621399177,1.6069958847736625,1.62,1.36,1.86,1.55,877.8487242798353,889.44,944.36,-0.0001807064174447,0.0121089410779702,0.2658838233829591,0.02315844645816,0.0639810426540283,0.0177502057613168,0.0162,0.0513,1.016836266269396,2.5455580865603644,1.0168582354629017,2.547657122727218,1,0,1,0.0041152263374485,9,0.037037037037037,0,8,0.0329218106995884,0,0.0,-0.0036044273608771,0.0835107641353205,-0.1509756932557342,-0.0028846716661462,-0.0021249047654966,0.0303432776680372,0.0267781541066891,0.0,quiet,0,0,0,0,,1,0,0,0,0,,,,,,,,,,,,,,,,,5,185,0.7613168724279835,37.0,74,0.1256756559418997,-0.0095956713768704,0.0180100929500929,0.0148794181450374,0.0312527081355513,0,1,4,1,2,2
sz300433,蓝思科技,2025-12-31,2026-03-31,年报,CNY,True,True,True,True,True,True,74409731699.21,0.064565999913,4017827408.8,0.108702319698,4040764787.56,0.1599021758677613,0.0543042515445987,84338601429.52,0.041011048875,29251557296.86,0.3468347447201257,1.242352453980175,55023095090.56,0.077504583237703,11464998294.64,2.837333746803682,2025-01-02,2025-12-31,243,34.54473251028807,34.8,24.05,45.83,39.05,34.54473251028807,34.8,0.0,38.24736625514404,40.14,44.14,38.24736625514404,2.6902880658436215,2.7,1.79,3.75,2.97,1326.9793004115224,1309.5,1599.57,0.0023534320499857,0.0262830446680546,0.6003367027077128,0.0462400453222428,0.233177570093458,0.0158584362139917,0.0131,0.0528,1.0212039400809148,3.996877439500391,1.0212453282182998,4.000375249839459,28,19,9,0.1152263374485596,16,0.0658436213991769,0,16,0.0658436213991769,21,0.0864197530864197,0.0099378063324998,0.2398521019210673,-0.3081277800242621,0.0076635532569772,0.0050934846295106,0.0657546329460847,0.0485592802788372,0.0,active,1,0,0,1,1.0,1,0,0,0,0,,,,,,,,,,,,,,-0.0082028337061893,,2.9159085430873484,1,11,0.0452674897119341,11.0,11,0.1465116279069767,0.1026110856619331,0.0162090909090909,0.0198637621076074,0.0297777492420456,0,1,0,1,0,0
