stock_code,stock_name,fundamental_report_date,fundamental_notice_date,fundamental_report_type,fundamental_currency,revenue,revenue_yoy,parent_net_profit,parent_net_profit_yoy,net_profit,gross_margin,net_margin,total_assets,total_assets_growth,total_liabilities,debt_to_asset_ratio,current_ratio,parent_equity,roe,operating_cash_flow,operating_cash_flow_to_net_profit,has_fundamental_data
sh600231,凌钢股份,2025-12-31,2026-04-01,年报,CNY,15660884264.63,-0.134633622036,-1557256460.87,0.07220941864,-1557256460.87,-0.0595868475765182,-0.0994360493670879,15446955878.18,0.012584622931,11427644214.97,0.7397991102643348,0.3717215924031101,4019311663.21,-0.3228750587431468,-162628760.18,0.1044328691300747,True
sh600438,通威股份,2025-12-31,2026-04-30,年报,CNY,84128281703.14,-0.085506533657,-9553425884.06,-0.357260287758,-10900882964.61,0.0270048923726586,-0.1295745347928951,187779256397.63,-0.041535530381,136391138210.41,0.726337620176727,1.187787496932536,38883862844.82,-0.2187647159723351,1379185344.61,-0.1265205166487486,True
sh600763,通策医疗,2025-12-31,2026-04-18,年报,CNY,2913101528.81,0.013683945133,501945804.29,0.001879385751,588289970.81,0.3862825243408788,0.2019462641421619,6041902888.46,-0.0298709577039999,1472743884.03,0.2437549744208786,1.4856901734036585,4234021339.21,0.1215101655304263,810718626.68,1.3780935710390307,True
sh601012,隆基绿能,2025-12-31,2026-04-29,年报,CNY,70347049950.42,-0.148157984834,-6419556843.85,0.252853778426,-6509714466.5,0.008097714983805,-0.0925371351192124,153803608808.29,0.006295703246,99092656484.29,0.6442804382295411,1.290800795534483,54275611054.63,-0.1114819090288855,4359382755.77,-0.6696734208856717,True
sh601500,通用股份,2025-12-31,2026-04-30,年报,CNY,8496572454.06,0.221113962183,201387979.06,-0.461360125614,200982607.68,0.1305805989613897,0.0236545511459697,15118140426.46,-0.016972377227,8835643464.13,0.5844398328689765,0.7853450425746874,6227090118.85,0.0331779974333511,894301364.89,4.449645545020923,True
sh601636,旗滨集团,2025-12-31,2026-04-23,年报,CNY,15737303302.36,0.005628817407,619048036.91,0.618058158622,619982998.9,0.1311423307581867,0.0393957584084324,34238232375.14,-0.011253757681,18320354723.29,0.5350847123928105,1.1282026509055627,14877413681.45,0.0438734901829846,1763415927.28,2.844297231389775,True
sh603259,药明康德,2025-12-31,2026-03-24,年报,CNY,45456165774.18,0.1583717565579999,19150582400.69,1.0264505171490002,19333065892.26,0.4763871049709238,0.4253122885089785,103120968579.11,0.283783507211,22873254977.59,0.2218099315081841,3.206456766414526,79712290246.44,0.2768525302729772,17203161622.0,0.8898310137600728,True
sh603799,华友钴业,2025-12-31,2026-04-08,年报,CNY,81018674069.68,0.329361304158,6110378757.84,0.470670478997,7520255947.22,0.1746951235922132,0.0928212666224605,159437759775.5,0.16726065038,98616989325.74,0.6185296975108024,0.953692314794046,48295468220.57,0.1433670025250111,4011961997.48,0.5334874272415017,True
sz000100,TCL科技,2025-12-31,2026-03-28,年报,CNY,184210915000.0,0.116681291577,4516782000.0,1.88776123449,213847000.0,0.1315085192579115,0.0011608812648262,372738314312.0,-0.014576533402,239395336001.0,0.6422611435662998,0.9739030861298122,61432756524.0,0.0788266595721124,44021698000.0,205.8560466127652,True
sz002067,景兴纸业,2025-12-31,2026-04-25,年报,CNY,6011715777.68,0.097163066357,55458068.84,-0.221798625966,59454712.37,0.0645762340297826,0.0098898075971489,9093848509.55,0.0376676908459999,2411931106.0,0.2652266643178722,1.9613933225566849,6662941917.98,0.0088800216404065,-26245237.23,-0.4414324144177169,True
sz002129,TCL中环,2025-12-31,2026-03-25,年报,CNY,29050247640.35,0.022230001955,-9263788838.65,0.056483548269,-9882624552.11,-0.0635918238250771,-0.3401907162534238,118020660725.66,-0.060326542479,78649163862.64,0.6664016569561547,1.0366724863994283,22043039871.35,-0.3499089420850502,1143746903.31,-0.1157331129275575,True
sz002230,科大讯飞,2025-12-31,2026-04-29,年报,CNY,27105390547.66,0.1611739080999999,839390861.36,0.4984769899239999,849468620.24,0.423568340762061,0.0313394717093768,44857109349.34,0.081444048954,24994625192.65,0.5572054364447753,1.3675426796105503,18794462168.69,0.0458835871787024,3208095271.78,3.776590677209028,True
sz002361,神剑股份,2025-12-31,2026-04-28,年报,CNY,2418645668.95,0.000431817846,13298188.39,-0.604817296576,-7474387.29,0.1343530033529345,-0.0030903192583992,4547858121.38,0.032247752578,2339404416.63,0.5143969653829333,1.304969274351729,2196509772.51,0.0060073946532646,137510602.84,-18.3975752800468,True
sz002600,领益智造,2025-12-31,2026-03-28,年报,CNY,51428944353.94,0.161985707963,2287723584.28,0.303378130501,2326824934.66,0.1580244696822634,0.0452434900986207,57900451001.32,0.281168110207,33542502739.95,0.5793133241602092,1.1811523840414944,24040141759.83,0.104399155788072,4432801652.65,1.9050860194162949,True
sz300274,阳光电源,2025-12-31,2026-04-01,年报,CNY,89184357325.77,0.145489746169,13461279955.37,0.21972995167,13532853538.91,0.3183170107276982,0.1517402148167933,118679392074.17,0.031333125839,68907524405.28,0.5806191218287964,1.6675243861454787,46610878177.03,0.3223643194557095,16917778579.11,1.2501264814894788,True
sz300433,蓝思科技,2025-12-31,2026-03-31,年报,CNY,74409731699.21,0.064565999913,4017827408.8,0.108702319698,4040764787.56,0.1599021758677613,0.0543042515445987,84338601429.52,0.041011048875,29251557296.86,0.3468347447201257,1.242352453980175,55023095090.56,0.077504583237703,11464998294.64,2.837333746803682,True
