stock_code,valuation_start_date,valuation_end_date,valuation_trading_days,pe_ttm_mean,pe_ttm_median,pe_ttm_min,pe_ttm_max,pe_ttm_year_end,pe_ttm_positive_mean,pe_ttm_positive_median,pe_ttm_nonpositive_day_rate,pe_static_mean,pe_static_median,pe_static_year_end,pe_static_positive_mean,pb_mean,pb_median,pb_min,pb_max,pb_year_end,total_market_value_mean,total_market_value_median,total_market_value_year_end,has_valuation_data
sz002067,2025-01-02,2025-12-31,243,122.18407407407408,123.64,45.01,231.91,134.2,122.18407407407408,123.64,0.0,80.51057613168724,70.04,116.93,80.51057613168724,1.0416460905349794,0.96,0.75,1.68,1.29,60.757942386831274,53.81,83.33,True
sz002600,2025-01-02,2025-12-31,243,41.07238683127572,41.64,26.94,62.26,49.59,41.07238683127572,41.64,0.0,43.44448559670782,36.01,64.75,43.44448559670782,3.771069958847736,3.47,2.39,6.08,4.9,783.4125514403293,681.9,1135.4,True
sz002230,2025-01-02,2025-12-31,243,267.91748971193414,166.61,133.95,619.89,138.87,267.91748971193414,166.61,0.0,195.8128806584362,197.59,207.55,195.8128806584362,6.5769958847736625,6.44,5.83,8.05,6.53,1146.2292592592592,1131.65,1162.63,True
sh600763,2025-01-02,2025-12-31,243,38.32275720164609,38.08,34.81,44.54,34.81,38.32275720164609,38.08,0.0,38.614444444444445,38.07,35.87,38.614444444444445,4.610411522633744,4.55,4.14,5.26,4.14,193.51012345679015,190.86,179.85,True
sh603259,2025-01-02,2025-12-31,243,19.48921810699588,19.32,15.05,24.5,18.04,19.48921810699588,19.32,0.0,24.16493827160494,21.4,28.62,24.16493827160494,3.6998765432098764,3.43,2.52,5.59,3.81,2289.008148148148,2022.04,2704.48,True
sh603799,2025-01-02,2025-12-31,243,16.84604938271605,15.63,11.62,25.77,24.2,16.84604938271605,15.63,0.0,19.761563786008228,17.66,31.16,19.761563786008228,1.9885596707818927,1.79,1.38,3.56,2.71,783.4414403292182,647.95,1294.71,True
sh601012,2025-01-02,2025-12-31,243,-18.921152263374488,-16.29,-31.32,-14.01,-25.0,,,1.0,-6.75111111111111,-13.69,-16.0,11.172207792207793,2.14082304526749,2.08,1.73,3.04,2.42,1267.490205761317,1239.77,1379.21,True
sh600438,2025-01-02,2025-12-31,243,-11.603045267489712,-11.43,-15.28,-7.62,-11.08,,,1.0,-6.917942386831276,-11.74,-13.12,6.666103896103896,2.0612345679012347,2.01,1.48,2.93,2.21,922.3587242798353,940.92,923.81,True
sz002361,2025-01-02,2025-12-31,243,178.8524691358025,173.05,138.37,396.4,392.29,178.8524691358025,173.05,0.0,198.94946502057613,188.22,405.28,198.94946502057613,2.754979423868313,2.7,2.08,6.23,6.16,61.541316872427984,60.68,136.38,True
sh601500,2025-01-02,2025-12-31,239,34.56405857740585,22.97,16.42,76.15,73.56,34.56405857740585,22.97,0.0,25.301422594142256,19.94,20.49,25.301422594142256,1.2665271966527194,1.24,1.09,1.52,1.25,76.18393305439331,74.38,76.61,True
sh600231,2025-01-02,2025-12-31,243,-3.618641975308642,-3.29,-6.32,-2.52,-5.26,,,1.0,-4.341646090534979,-3.6,-3.63,,1.0602057613168725,1.03,0.78,1.55,1.29,55.62181069958848,55.05,60.98,True
sz300274,2025-01-02,2025-12-31,243,16.361481481481484,14.94,9.78,27.8,23.15,16.361481481481484,14.94,0.0,19.80037037037037,15.74,32.13,19.80037037037037,5.175473251028806,4.35,3.06,9.47,7.89,2111.6579012345683,1531.69,3546.02,True
sh601636,2025-01-02,2025-12-31,243,28.738148148148152,32.73,11.79,43.84,29.31,28.738148148148152,32.73,0.0,32.90325102880659,39.0,45.86,32.90325102880659,1.2017695473251027,1.2,0.98,1.46,1.29,162.19156378600823,158.6,175.45,True
sz002129,2025-01-02,2025-12-31,243,-3.4986831275720167,-3.51,-4.63,-2.67,-3.63,,,1.0,0.7610288065843627,-3.28,-3.53,10.294,1.1858847736625513,1.13,0.9,1.76,1.38,345.76794238683124,344.07,346.5,True
sz000100,2025-01-02,2025-12-31,243,36.71720164609053,36.56,27.3,45.78,30.61,36.71720164609053,36.56,0.0,50.99843621399177,54.13,60.38,50.99843621399177,1.6069958847736625,1.62,1.36,1.86,1.55,877.8487242798353,889.44,944.36,True
sz300433,2025-01-02,2025-12-31,243,34.54473251028807,34.8,24.05,45.83,39.05,34.54473251028807,34.8,0.0,38.24736625514404,40.14,44.14,38.24736625514404,2.6902880658436215,2.7,1.79,3.75,2.97,1326.9793004115224,1309.5,1599.57,True
