Unnamed: 0,date,open,close,high,low,amount,previous_close,limit_up_price,limit_down_price,limit_up,limit_down,next_open_return
0,2025-01-02,3.8500,3.7500,3.9900,3.6600,1673135.0000,,,,False,False,0.0053
1,2025-01-03,3.7700,3.4200,3.7700,3.4000,1423196.0000,3.7500,4.1250,3.3750,False,False,0.0000
2,2025-01-06,3.4200,3.2800,3.4800,3.2400,966640.0000,3.4200,3.7620,3.0780,False,False,0.0030
3,2025-01-07,3.2900,3.4500,3.4500,3.2900,1001515.0000,3.2800,3.6080,2.9520,False,False,-0.0203
4,2025-01-08,3.3800,3.4200,3.4700,3.2600,960312.0000,3.4500,3.7950,3.1050,False,False,-0.0175
5,2025-01-09,3.3600,3.4500,3.5200,3.3400,1032471.0000,3.4200,3.7620,3.0780,False,False,0.0145
6,2025-01-10,3.5000,3.4600,3.6700,3.4100,1453296.0000,3.4500,3.7950,3.1050,False,False,-0.0462
7,2025-01-13,3.3000,3.3700,3.4600,3.2700,796770.0000,3.4600,3.8060,3.1140,False,False,0.0059
8,2025-01-14,3.3900,3.5700,3.5700,3.3700,1086818.0000,3.3700,3.7070,3.0330,False,False,-0.0028
9,2025-01-15,3.5600,3.4600,3.5600,3.4500,766425.0000,3.5700,3.9270,3.2130,False,False,0.0029
10,2025-01-16,3.4700,3.5100,3.5700,3.4300,892396.0000,3.4600,3.8060,3.1140,False,False,0.0142
11,2025-01-17,3.5600,3.5500,3.7200,3.5500,1207881.0000,3.5100,3.8610,3.1590,False,False,0.0169
12,2025-01-20,3.6100,3.6600,3.7300,3.5300,1180849.0000,3.5500,3.9050,3.1950,False,False,0.0027
13,2025-01-21,3.6700,3.6300,3.6800,3.5400,790789.0000,3.6600,4.0260,3.2940,False,False,-0.0083
14,2025-01-22,3.6000,3.5600,3.6700,3.5500,570669.0000,3.6300,3.9930,3.2670,False,False,0.0112
15,2025-01-23,3.6000,3.5300,3.6600,3.5300,642905.0000,3.5600,3.9160,3.2040,False,False,0.0028
16,2025-01-24,3.5400,3.5700,3.5700,3.4900,507530.0000,3.5300,3.8830,3.1770,False,False,0.0000
17,2025-01-27,3.5700,3.4800,3.6200,3.4700,540559.0000,3.5700,3.9270,3.2130,False,False,0.0603
18,2025-02-05,3.6900,3.8300,3.8300,3.6300,820141.0000,3.4800,3.8280,3.1320,True,False,0.0444
19,2025-02-06,4.0000,4.0400,4.2100,3.9000,2521044.0000,3.8300,4.2130,3.4470,False,False,-0.0124
20,2025-02-07,3.9900,4.1100,4.3200,3.9700,2280098.0000,4.0400,4.4440,3.6360,False,False,-0.0073
21,2025-02-10,4.0800,4.1100,4.2100,4.0100,1836375.0000,4.1100,4.5210,3.6990,False,False,-0.0073
22,2025-02-11,4.0800,4.2500,4.3800,4.0600,1956589.0000,4.1100,4.5210,3.6990,False,False,-0.0118
23,2025-02-12,4.2000,4.2200,4.2900,4.1100,1361263.0000,4.2500,4.6750,3.8250,False,False,0.0190
24,2025-02-13,4.3000,4.1400,4.3700,4.1300,1262992.0000,4.2200,4.6420,3.7980,False,False,-0.0097
25,2025-02-14,4.1000,4.0700,4.1500,4.0000,1239675.0000,4.1400,4.5540,3.7260,False,False,0.0000
26,2025-02-17,4.0700,4.4800,4.4800,4.0700,1646782.0000,4.0700,4.4770,3.6630,True,False,0.0469
27,2025-02-18,4.6900,4.5200,4.8800,4.4700,3533903.0000,4.4800,4.9280,4.0320,False,False,-0.0288
28,2025-02-19,4.3900,4.6200,4.7100,4.3900,2691588.0000,4.5200,4.9720,4.0680,False,False,0.0022
29,2025-02-20,4.6300,4.5500,4.7500,4.5000,2333311.0000,4.6200,5.0820,4.1580,False,False,-0.0198
30,2025-02-21,4.4600,4.4900,4.5700,4.3900,1720397.0000,4.5500,5.0050,4.0950,False,False,-0.0067
31,2025-02-24,4.4600,4.5300,4.7500,4.3100,2208076.0000,4.4900,4.9390,4.0410,False,False,-0.0287
32,2025-02-25,4.4000,4.3900,4.5200,4.3600,1183713.0000,4.5300,4.9830,4.0770,False,False,-0.0023
33,2025-02-26,4.3800,4.8300,4.8300,4.3800,752500.0000,4.3900,4.8290,3.9510,True,False,0.0000
34,2025-02-27,4.8300,4.6800,4.9500,4.6000,2460362.0000,4.8300,5.3130,4.3470,False,False,-0.0021
35,2025-02-28,4.6700,4.2900,4.7300,4.2800,1566937.0000,4.6800,5.1480,4.2120,False,False,0.0186
36,2025-03-03,4.3700,4.1800,4.4100,4.1500,1165149.0000,4.2900,4.7190,3.8610,False,False,-0.0120
37,2025-03-04,4.1300,4.2700,4.3500,4.1200,1001633.0000,4.1800,4.5980,3.7620,False,False,0.0000
38,2025-03-05,4.2700,4.3200,4.3300,4.1900,891646.0000,4.2700,4.6970,3.8430,False,False,0.0046
39,2025-03-06,4.3400,4.4000,4.4600,4.3100,997110.0000,4.3200,4.7520,3.8880,False,False,-0.0091
40,2025-03-07,4.3600,4.3300,4.4900,4.2900,806701.0000,4.4000,4.8400,3.9600,False,False,0.0000
41,2025-03-10,4.3300,4.2800,4.3700,4.2400,522166.0000,4.3300,4.7630,3.8970,False,False,-0.0444
42,2025-03-11,4.0900,4.2400,4.2600,4.0900,656675.0000,4.2800,4.7080,3.8520,False,False,0.0071
43,2025-03-12,4.2700,4.2600,4.3000,4.2400,592635.0000,4.2400,4.6640,3.8160,False,False,-0.0023
44,2025-03-13,4.2500,4.1000,4.2600,4.0500,744439.0000,4.2600,4.6860,3.8340,False,False,-0.0024
45,2025-03-14,4.0900,4.1600,4.1800,4.0600,551569.0000,4.1000,4.5100,3.6900,False,False,0.0024
46,2025-03-17,4.1700,4.1500,4.1900,4.1300,415458.0000,4.1600,4.5760,3.7440,False,False,0.0048
47,2025-03-18,4.1700,4.2000,4.2200,4.1500,473192.0000,4.1500,4.5650,3.7350,False,False,-0.0048
48,2025-03-19,4.1800,4.2600,4.3700,4.1300,973667.0000,4.2000,4.6200,3.7800,False,False,-0.0047
49,2025-03-20,4.2400,4.2000,4.2500,4.1800,534467.0000,4.2600,4.6860,3.8340,False,False,-0.0095
50,2025-03-21,4.1600,4.0600,4.1700,4.0500,573725.0000,4.2000,4.6200,3.7800,False,False,0.0025
51,2025-03-24,4.0700,3.9800,4.0900,3.8700,504176.0000,4.0600,4.4660,3.6540,False,False,0.0025
52,2025-03-25,3.9900,3.9400,3.9900,3.8900,301870.0000,3.9800,4.3780,3.5820,False,False,-0.0051
53,2025-03-26,3.9200,3.9600,3.9700,3.9200,269195.0000,3.9400,4.3340,3.5460,False,False,-0.0076
54,2025-03-27,3.9300,3.9100,3.9600,3.8800,293576.0000,3.9600,4.3560,3.5640,False,False,0.0000
55,2025-03-28,3.9100,3.8400,3.9300,3.8300,303177.0000,3.9100,4.3010,3.5190,False,False,-0.0078
56,2025-03-31,3.8100,3.8000,3.8200,3.7100,406940.0000,3.8400,4.2240,3.4560,False,False,-0.0026
57,2025-04-01,3.7900,3.9800,4.0900,3.7900,826450.0000,3.8000,4.1800,3.4200,False,False,-0.0251
58,2025-04-02,3.8800,3.8400,3.9000,3.8200,542870.0000,3.9800,4.3780,3.5820,False,False,-0.0104
59,2025-04-03,3.8000,3.8000,3.8600,3.7700,307110.0000,3.8400,4.2240,3.4560,False,False,-0.0553
60,2025-04-07,3.5900,3.4200,3.6100,3.4200,476886.0000,3.8000,4.1800,3.4200,False,True,-0.0117
61,2025-04-08,3.3800,3.3500,3.4600,3.2900,496103.0000,3.4200,3.7620,3.0780,False,False,-0.0149
62,2025-04-09,3.3000,3.4100,3.4300,3.0900,589983.0000,3.3500,3.6850,3.0150,False,False,0.0147
63,2025-04-10,3.4600,3.4500,3.5700,3.4400,485527.0000,3.4100,3.7510,3.0690,False,False,-0.0087
64,2025-04-11,3.4200,3.4600,3.5000,3.4000,289527.0000,3.4500,3.7950,3.1050,False,False,0.0087
65,2025-04-14,3.4900,3.5400,3.6000,3.4900,386649.0000,3.4600,3.8060,3.1140,False,False,0.0000
66,2025-04-15,3.5400,3.5200,3.5500,3.5000,243490.0000,3.5400,3.8940,3.1860,False,False,-0.0028
67,2025-04-16,3.5100,3.4400,3.5200,3.3900,267809.0000,3.5200,3.8720,3.1680,False,False,0.0029
68,2025-04-17,3.4500,3.4600,3.5000,3.4400,211215.0000,3.4400,3.7840,3.0960,False,False,-0.0029
69,2025-04-18,3.4500,3.4800,3.4900,3.4300,212397.0000,3.4600,3.8060,3.1140,False,False,-0.0144
70,2025-04-21,3.4300,3.5900,3.6600,3.4300,582452.0000,3.4800,3.8280,3.1320,False,False,-0.0056
71,2025-04-22,3.5700,3.5700,3.6700,3.5700,453851.0000,3.5900,3.9490,3.2310,False,False,0.0084
72,2025-04-23,3.6000,3.6100,3.6300,3.5600,347790.0000,3.5700,3.9270,3.2130,False,False,0.0028
73,2025-04-24,3.6200,3.5900,3.6400,3.5500,315891.0000,3.6100,3.9710,3.2490,False,False,0.0000
74,2025-04-25,3.5900,3.5600,3.6000,3.5500,234846.0000,3.5900,3.9490,3.2310,False,False,0.0000
75,2025-04-28,3.5600,3.4700,3.5700,3.4600,251696.0000,3.5600,3.9160,3.2040,False,False,-0.0058
76,2025-04-29,3.4500,3.5800,3.6600,3.4400,488780.0000,3.4700,3.8170,3.1230,False,False,-0.0196
77,2025-04-30,3.5100,3.4800,3.5500,3.4600,486782.0000,3.5800,3.9380,3.2220,False,False,0.0086
78,2025-05-06,3.5100,3.6000,3.6300,3.5100,507885.0000,3.4800,3.8280,3.1320,False,False,0.0139
79,2025-05-07,3.6500,3.6100,3.6700,3.5600,356763.0000,3.6000,3.9600,3.2400,False,False,-0.0083
80,2025-05-08,3.5800,3.6800,3.7700,3.5800,614086.0000,3.6100,3.9710,3.2490,False,False,0.0027
81,2025-05-09,3.6900,3.6000,3.6900,3.5800,346102.0000,3.6800,4.0480,3.3120,False,False,0.0167
82,2025-05-12,3.6600,3.6500,3.6800,3.6200,279456.0000,3.6000,3.9600,3.2400,False,False,0.0137
83,2025-05-13,3.7000,3.6200,3.7100,3.6100,271741.0000,3.6500,4.0150,3.2850,False,False,0.0000
84,2025-05-14,3.6200,3.6100,3.6400,3.5800,318602.0000,3.6200,3.9820,3.2580,False,False,0.0000
85,2025-05-15,3.6100,3.5400,3.6100,3.5400,275442.0000,3.6100,3.9710,3.2490,False,False,-0.0056
86,2025-05-16,3.5200,3.5500,3.5700,3.4900,346758.0000,3.5400,3.8940,3.1860,False,False,-0.0056
87,2025-05-19,3.5300,3.5800,3.6000,3.5000,280465.0000,3.5500,3.9050,3.1950,False,False,0.0000
88,2025-05-20,3.5800,3.6200,3.6200,3.5500,272147.0000,3.5800,3.9380,3.2220,False,False,-0.0028
89,2025-05-21,3.6100,3.5600,3.6100,3.5500,227763.0000,3.6200,3.9820,3.2580,False,False,0.0028
90,2025-05-22,3.5700,3.5300,3.6400,3.5100,363229.0000,3.5600,3.9160,3.2040,False,False,-0.0028
91,2025-05-23,3.5200,3.6500,3.8700,3.5200,1223025.0000,3.5300,3.8830,3.1770,False,False,-0.0164
92,2025-05-26,3.5900,3.6500,3.7100,3.5400,650213.0000,3.6500,4.0150,3.2850,False,False,-0.0027
93,2025-05-27,3.6400,3.6400,3.7000,3.6100,476189.0000,3.6500,4.0150,3.2850,False,False,-0.0055
94,2025-05-28,3.6200,3.5600,3.6400,3.5400,395671.0000,3.6400,4.0040,3.2760,False,False,-0.0028
95,2025-05-29,3.5500,3.6000,3.6200,3.5400,315269.0000,3.5600,3.9160,3.2040,False,False,0.0250
96,2025-05-30,3.6900,3.7200,3.8500,3.6900,1170073.0000,3.6000,3.9600,3.2400,False,False,-0.0108
97,2025-06-03,3.6800,3.7300,3.8000,3.6500,595146.0000,3.7200,4.0920,3.3480,False,False,0.0027
98,2025-06-04,3.7400,3.7300,3.7500,3.6700,389375.0000,3.7300,4.1030,3.3570,False,False,0.0000
99,2025-06-05,3.7300,3.6900,3.7300,3.6600,342802.0000,3.7300,4.1030,3.3570,False,False,-0.0027
100,2025-06-06,3.6800,3.7600,3.8600,3.6500,795663.0000,3.6900,4.0590,3.3210,False,False,0.0027
101,2025-06-09,3.7700,3.7500,3.7800,3.7300,397777.0000,3.7600,4.1360,3.3840,False,False,0.0000
102,2025-06-10,3.7500,3.7000,3.7600,3.6500,403408.0000,3.7500,4.1250,3.3750,False,False,0.0027
103,2025-06-11,3.7100,3.7100,3.7300,3.6800,226082.0000,3.7000,4.0700,3.3300,False,False,-0.0027
104,2025-06-12,3.7000,3.6800,3.7000,3.6600,206494.0000,3.7100,4.0810,3.3390,False,False,-0.0054
105,2025-06-13,3.6600,3.6000,3.6800,3.5900,364896.0000,3.6800,4.0480,3.3120,False,False,0.0028
106,2025-06-16,3.6100,3.6200,3.6200,3.5600,165106.0000,3.6000,3.9600,3.2400,False,False,-0.0028
107,2025-06-17,3.6100,3.6000,3.6300,3.5800,164973.0000,3.6200,3.9820,3.2580,False,False,-0.0056
108,2025-06-18,3.5800,3.5500,3.5900,3.5400,215626.0000,3.6000,3.9600,3.2400,False,False,-0.0028
109,2025-06-19,3.5400,3.4800,3.5500,3.4700,219952.0000,3.5500,3.9050,3.1950,False,False,0.0661
110,2025-06-20,3.7100,3.8300,3.8300,3.7100,1260368.0000,3.4800,3.8280,3.1320,True,False,-0.0157
111,2025-06-23,3.7700,3.8800,4.0200,3.7000,1916792.0000,3.8300,4.2130,3.4470,False,False,-0.0180
112,2025-06-24,3.8100,3.9500,4.0500,3.7900,1607289.0000,3.8800,4.2680,3.4920,False,False,-0.0076
113,2025-06-25,3.9200,3.8800,4.0200,3.8500,1103599.0000,3.9500,4.3450,3.5550,False,False,0.0000
114,2025-06-26,3.8800,3.8400,3.9600,3.8200,886872.0000,3.8800,4.2680,3.4920,False,False,0.0104
115,2025-06-27,3.8800,3.8400,3.8800,3.8100,591825.0000,3.8400,4.2240,3.4560,False,False,0.0000
116,2025-06-30,3.8400,3.8600,3.8700,3.8100,538056.0000,3.8400,4.2240,3.4560,False,False,0.0026
117,2025-07-01,3.8700,3.8200,3.8700,3.7900,420717.0000,3.8600,4.2460,3.4740,False,False,-0.0026
118,2025-07-02,3.8100,3.7900,3.8200,3.7700,333629.0000,3.8200,4.2020,3.4380,False,False,-0.0026
119,2025-07-03,3.7800,3.8000,3.8100,3.7600,319794.0000,3.7900,4.1690,3.4110,False,False,0.0237
120,2025-07-04,3.8900,3.9600,4.1500,3.8700,1754512.0000,3.8000,4.1800,3.4200,False,False,-0.0101
121,2025-07-07,3.9200,3.9700,4.0300,3.9100,1016858.0000,3.9600,4.3560,3.5640,False,False,0.0101
122,2025-07-08,4.0100,3.9700,4.0200,3.9200,638624.0000,3.9700,4.3670,3.5730,False,False,0.0428
123,2025-07-09,4.1400,4.0900,4.3700,4.0500,2353165.0000,3.9700,4.3670,3.5730,False,False,-0.0024
124,2025-07-10,4.0800,4.0000,4.1500,3.9900,1458710.0000,4.0900,4.4990,3.6810,False,False,-0.0050
125,2025-07-11,3.9800,3.9800,4.0400,3.9500,727612.0000,4.0000,4.4000,3.6000,False,False,0.0201
126,2025-07-14,4.0600,4.1300,4.2500,4.0200,1358400.0000,3.9800,4.3780,3.5820,False,False,-0.0048
127,2025-07-15,4.1100,4.0400,4.1600,3.9700,948201.0000,4.1300,4.5430,3.7170,False,False,-0.0074
128,2025-07-16,4.0100,4.0700,4.2000,3.9900,888515.0000,4.0400,4.4440,3.6360,False,False,0.0025
129,2025-07-17,4.0800,4.1000,4.1100,4.0400,626266.0000,4.0700,4.4770,3.6630,False,False,-0.0049
130,2025-07-18,4.0800,4.0800,4.1200,4.0400,445550.0000,4.1000,4.5100,3.6900,False,False,0.0956
131,2025-07-21,4.4700,4.4900,4.4900,4.2900,2938616.0000,4.0800,4.4880,3.6720,True,False,0.0000
132,2025-07-22,4.4900,4.5800,4.8300,4.2700,3363806.0000,4.4900,4.9390,4.0410,False,False,-0.0328
133,2025-07-23,4.4300,4.5000,4.8000,4.3800,2354677.0000,4.5800,5.0380,4.1220,False,False,0.0022
134,2025-07-24,4.5100,4.6200,4.6500,4.4600,1797878.0000,4.5000,4.9500,4.0500,False,False,0.0022
135,2025-07-25,4.6300,4.7500,4.9300,4.6000,2068070.0000,4.6200,5.0820,4.1580,False,False,0.0168
136,2025-07-28,4.8300,4.7100,5.0900,4.7000,1851802.0000,4.7500,5.2250,4.2750,False,False,0.0255
137,2025-07-29,4.8300,4.8400,4.9700,4.7200,1746703.0000,4.7100,5.1810,4.2390,False,False,-0.0227
138,2025-07-30,4.7300,4.4900,4.7500,4.4500,1820289.0000,4.8400,5.3240,4.3560,False,False,0.0045
139,2025-07-31,4.5100,4.3400,4.5100,4.3200,1241755.0000,4.4900,4.9390,4.0410,False,False,0.0000
140,2025-08-01,4.3400,4.3600,4.3900,4.3300,749476.0000,4.3400,4.7740,3.9060,False,False,-0.0046
141,2025-08-04,4.3400,4.3600,4.3600,4.2800,666764.0000,4.3600,4.7960,3.9240,False,False,0.0000
142,2025-08-05,4.3600,4.4600,4.4600,4.3600,828031.0000,4.3600,4.7960,3.9240,False,False,0.0000
143,2025-08-06,4.4600,4.6000,4.6400,4.4100,1220558.0000,4.4600,4.9060,4.0140,False,False,-0.0087
144,2025-08-07,4.5600,4.5000,4.5700,4.4700,843722.0000,4.6000,5.0600,4.1400,False,False,-0.0089
145,2025-08-08,4.4600,4.4200,4.4900,4.3900,612220.0000,4.5000,4.9500,4.0500,False,False,0.0090
146,2025-08-11,4.4600,4.5200,4.5900,4.4300,910897.0000,4.4200,4.8620,3.9780,False,False,-0.0133
147,2025-08-12,4.4600,4.3800,4.4900,4.3600,872895.0000,4.5200,4.9720,4.0680,False,False,0.0000
148,2025-08-13,4.3800,4.3900,4.3900,4.3400,661557.0000,4.3800,4.8180,3.9420,False,False,0.0000
149,2025-08-14,4.3900,4.3600,4.4500,4.2500,983757.0000,4.3900,4.8290,3.9510,False,False,-0.0069
150,2025-08-15,4.3300,4.3900,4.4200,4.3200,662471.0000,4.3600,4.7960,3.9240,False,False,0.0046
151,2025-08-18,4.4100,4.4000,4.4400,4.3800,727452.0000,4.3900,4.8290,3.9510,False,False,-0.0045
152,2025-08-19,4.3800,4.3900,4.4300,4.3300,687144.0000,4.4000,4.8400,3.9600,False,False,-0.0046
153,2025-08-20,4.3700,4.3800,4.4300,4.3400,578132.0000,4.3900,4.8290,3.9510,False,False,0.0000
154,2025-08-21,4.3800,4.3400,4.4000,4.3200,618665.0000,4.3800,4.8180,3.9420,False,False,-0.0023
155,2025-08-22,4.3300,4.3300,4.3500,4.2900,457087.0000,4.3400,4.7740,3.9060,False,False,0.0023
156,2025-08-25,4.3400,4.3600,4.3900,4.3300,578739.0000,4.3300,4.7630,3.8970,False,False,-0.0023
157,2025-08-26,4.3500,4.3900,4.4100,4.3200,696358.0000,4.3600,4.7960,3.9240,False,False,0.0000
158,2025-08-27,4.3900,4.3500,4.5000,4.3500,1149123.0000,4.3900,4.8290,3.9510,False,False,-0.0023
159,2025-08-28,4.3400,4.3100,4.3800,4.1800,844585.0000,4.3500,4.7850,3.9150,False,False,-0.0023
160,2025-08-29,4.3000,4.2800,4.3300,4.2400,488776.0000,4.3100,4.7410,3.8790,False,False,-0.0047
161,2025-09-01,4.2600,4.2700,4.3200,4.2200,420741.0000,4.2800,4.7080,3.8520,False,False,-0.0047
162,2025-09-02,4.2500,4.2000,4.2700,4.1500,448536.0000,4.2700,4.6970,3.8430,False,False,0.0714
163,2025-09-03,4.5000,4.6200,4.6200,4.4800,1886328.0000,4.2000,4.6200,3.7800,False,False,0.0411
164,2025-09-04,4.8100,5.0800,5.0800,4.7200,4698487.0000,4.6200,5.0820,4.1580,False,False,-0.0650
165,2025-09-05,4.7500,5.0300,5.2800,4.7000,4850553.0000,5.0800,5.5880,4.5720,False,False,0.0020
166,2025-09-08,5.0400,5.1800,5.3900,5.0200,4182018.0000,5.0300,5.5330,4.5270,False,False,-0.0212
167,2025-09-09,5.0700,5.4200,5.5300,5.0500,3972640.0000,5.1800,5.6980,4.6620,False,False,-0.0221
168,2025-09-10,5.3000,5.2700,5.6000,5.1900,3692241.0000,5.4200,5.9620,4.8780,False,False,0.0019
169,2025-09-11,5.2800,5.1900,5.3400,5.0300,2951399.0000,5.2700,5.7970,4.7430,False,False,0.0193
170,2025-09-12,5.2900,5.2600,5.4200,5.2100,2940597.0000,5.1900,5.7090,4.6710,False,False,0.0019
171,2025-09-15,5.2700,5.3800,5.5800,5.2600,2644125.0000,5.2600,5.7860,4.7340,False,False,-0.0112
172,2025-09-16,5.3200,5.9200,5.9200,5.3000,1294996.0000,5.3800,5.9180,4.8420,True,False,0.0997
173,2025-09-17,6.5100,6.5100,6.5100,6.5100,166713.0000,5.9200,6.5120,5.3280,False,False,0.0998
174,2025-09-18,7.1600,7.1600,7.1600,7.1600,294242.0000,6.5100,7.1610,5.8590,False,False,0.0433
175,2025-09-19,7.4700,6.4400,7.7800,6.4400,6414495.0000,7.1600,7.8760,6.4440,False,True,-0.0342
176,2025-09-22,6.2200,6.0900,6.7300,5.9900,4495854.0000,6.4400,7.0840,5.7960,False,False,-0.0181
177,2025-09-23,5.9800,5.9000,6.1500,5.5900,3585883.0000,6.0900,6.6990,5.4810,False,False,-0.0254
178,2025-09-24,5.7500,6.0500,6.1700,5.5600,3383683.0000,5.9000,6.4900,5.3100,False,False,-0.0298
179,2025-09-25,5.8700,5.8100,6.0400,5.8100,2174813.0000,6.0500,6.6550,5.4450,False,False,-0.0172
180,2025-09-26,5.7100,5.5900,5.8600,5.5900,1444617.0000,5.8100,6.3910,5.2290,False,False,0.0054
181,2025-09-29,5.6200,6.1500,6.1500,5.6200,2292935.0000,5.5900,6.1490,5.0310,True,False,-0.0033
182,2025-09-30,6.1300,6.2800,6.3700,5.9700,3487232.0000,6.1500,6.7650,5.5350,False,False,0.0096
183,2025-10-09,6.3400,6.6000,6.6400,6.1700,3189300.0000,6.2800,6.9080,5.6520,False,False,-0.0303
184,2025-10-10,6.4000,6.4400,6.7400,6.3600,2537691.0000,6.6000,7.2600,5.9400,False,False,-0.0652
185,2025-10-13,6.0200,6.2400,6.3600,6.0200,1855463.0000,6.4400,7.0840,5.7960,False,False,0.0144
186,2025-10-14,6.3300,6.3600,6.7200,6.2800,2576724.0000,6.2400,6.8640,5.6160,False,False,0.0016
187,2025-10-15,6.3700,6.6300,6.7800,6.3000,3011010.0000,6.3600,6.9960,5.7240,False,False,-0.0166
188,2025-10-16,6.5200,6.2900,6.5900,6.2500,2127873.0000,6.6300,7.2930,5.9670,False,False,0.0032
189,2025-10-17,6.3100,6.0900,6.5000,6.0800,1641229.0000,6.2900,6.9190,5.6610,False,False,0.0164
190,2025-10-20,6.1900,6.7000,6.7000,6.1000,1268000.0000,6.0900,6.6990,5.4810,True,False,-0.0090
191,2025-10-21,6.6400,6.8000,6.9000,6.4900,3511008.0000,6.7000,7.3700,6.0300,False,False,0.0162
192,2025-10-22,6.9100,6.7800,7.0100,6.7100,2811496.0000,6.8000,7.4800,6.1200,False,False,-0.0059
193,2025-10-23,6.7400,6.6500,6.7700,6.5000,1617355.0000,6.7800,7.4580,6.1020,False,False,0.0075
194,2025-10-24,6.7000,6.5000,6.7700,6.4100,1626425.0000,6.6500,7.3150,5.9850,False,False,0.0062
195,2025-10-27,6.5400,6.5100,6.7000,6.4600,1483738.0000,6.5000,7.1500,5.8500,False,False,-0.0077
196,2025-10-28,6.4600,6.5200,6.6200,6.3700,1575177.0000,6.5100,7.1610,5.8590,False,False,-0.0077
197,2025-10-29,6.4700,6.3800,6.4800,6.2000,1623354.0000,6.5200,7.1720,5.8680,False,False,-0.0110
198,2025-10-30,6.3100,6.0600,6.3700,6.0400,1580013.0000,6.3800,7.0180,5.7420,False,False,0.0149
199,2025-10-31,6.1500,6.2700,6.5600,6.1500,1701465.0000,6.0600,6.6660,5.4540,False,False,0.0191
200,2025-11-03,6.3900,6.4700,6.6000,6.3400,1760598.0000,6.2700,6.8970,5.6430,False,False,-0.0139
201,2025-11-04,6.3800,6.2500,6.4400,6.2000,1208317.0000,6.4700,7.1170,5.8230,False,False,-0.0160
202,2025-11-05,6.1500,6.3600,6.5300,6.1100,1326986.0000,6.2500,6.8750,5.6250,False,False,0.0031
203,2025-11-06,6.3800,6.3200,6.4100,6.1500,1212991.0000,6.3600,6.9960,5.7240,False,False,-0.0047
204,2025-11-07,6.2900,6.1500,6.3500,6.1300,1076831.0000,6.3200,6.9520,5.6880,False,False,-0.0081
205,2025-11-10,6.1000,6.0800,6.1900,6.0200,834263.0000,6.1500,6.7650,5.5350,False,False,0.0115
206,2025-11-11,6.1500,6.0900,6.3000,6.0500,699959.0000,6.0800,6.6880,5.4720,False,False,-0.0016
207,2025-11-12,6.0800,5.8900,6.0800,5.8800,943481.0000,6.0900,6.6990,5.4810,False,False,-0.0017
208,2025-11-13,5.8800,5.9000,5.9400,5.7400,823963.0000,5.8900,6.4790,5.3010,False,False,-0.0068
209,2025-11-14,5.8600,5.9800,6.1000,5.8500,946717.0000,5.9000,6.4900,5.3100,False,False,0.0284
210,2025-11-17,6.1500,6.1000,6.3000,6.1000,1413452.0000,5.9800,6.5780,5.3820,False,False,-0.0082
211,2025-11-18,6.0500,5.9500,6.1000,5.8500,988779.0000,6.1000,6.7100,5.4900,False,False,-0.0134
212,2025-11-19,5.8700,5.8100,6.1200,5.8100,849436.0000,5.9500,6.5450,5.3550,False,False,-0.0017
213,2025-11-20,5.8000,5.5100,5.8500,5.5000,1020073.0000,5.8100,6.3910,5.2290,False,False,-0.0145
214,2025-11-21,5.4300,5.5000,5.5800,5.2400,1162999.0000,5.5100,6.0610,4.9590,False,False,-0.0018
215,2025-11-24,5.4900,5.3300,5.5100,5.2500,770143.0000,5.5000,6.0500,4.9500,False,False,0.0075
216,2025-11-25,5.3700,5.4100,5.4600,5.3300,587280.0000,5.3300,5.8630,4.7970,False,False,0.0018
217,2025-11-26,5.4200,5.5100,5.6500,5.3600,904177.0000,5.4100,5.9510,4.8690,False,False,0.0000
218,2025-11-27,5.5100,5.6900,5.8700,5.4600,1482518.0000,5.5100,6.0610,4.9590,False,False,-0.0211
219,2025-11-28,5.5700,5.5700,5.6200,5.4700,943398.0000,5.6900,6.2590,5.1210,False,False,0.0018
220,2025-12-01,5.5800,5.6500,5.7100,5.5300,751122.0000,5.5700,6.1270,5.0130,False,False,-0.0088
221,2025-12-02,5.6000,5.6500,5.7200,5.5200,669978.0000,5.6500,6.2150,5.0850,False,False,-0.0088
222,2025-12-03,5.6000,5.4700,5.6700,5.4500,609209.0000,5.6500,6.2150,5.0850,False,False,0.0183
223,2025-12-04,5.5700,5.5500,5.6200,5.4100,825092.0000,5.4700,6.0170,4.9230,False,False,-0.0090
224,2025-12-05,5.5000,5.6300,5.6900,5.4300,875479.0000,5.5500,6.1050,4.9950,False,False,-0.0071
225,2025-12-08,5.5900,5.6500,5.6800,5.5500,741512.0000,5.6300,6.1930,5.0670,False,False,-0.0018
226,2025-12-09,5.6400,5.5100,5.6400,5.4800,639893.0000,5.6500,6.2150,5.0850,False,False,-0.0054
227,2025-12-10,5.4800,5.4700,5.5000,5.4000,427904.0000,5.5100,6.0610,4.9590,False,False,0.0018
228,2025-12-11,5.4800,5.2700,5.5000,5.2700,540303.0000,5.4700,6.0170,4.9230,False,False,-0.0038
229,2025-12-12,5.2500,5.2800,5.3300,5.1900,461699.0000,5.2700,5.7970,4.7430,False,False,-0.0114
230,2025-12-15,5.2200,5.1300,5.2600,5.1300,469431.0000,5.2800,5.8080,4.7520,False,False,-0.0058
231,2025-12-16,5.1000,4.9600,5.1200,4.8900,694592.0000,5.1300,5.6430,4.6170,False,False,0.0040
232,2025-12-17,4.9800,5.0400,5.0600,4.9500,422024.0000,4.9600,5.4560,4.4640,False,False,-0.0079
233,2025-12-18,5.0000,5.0400,5.1200,5.0000,363608.0000,5.0400,5.5440,4.5360,False,False,0.0000
234,2025-12-19,5.0400,5.1500,5.1800,5.0400,436840.0000,5.0400,5.5440,4.5360,False,False,0.0291
235,2025-12-22,5.3000,5.4500,5.6600,5.2100,1681781.0000,5.1500,5.6650,4.6350,False,False,-0.0183
236,2025-12-23,5.3500,5.2500,5.3600,5.2100,918849.0000,5.4500,5.9950,4.9050,False,False,-0.0038
237,2025-12-24,5.2300,5.4100,5.4500,5.1900,916833.0000,5.2500,5.7750,4.7250,False,False,0.0000
238,2025-12-25,5.4100,5.6800,5.8500,5.3900,1956860.0000,5.4100,5.9510,4.8690,False,False,-0.0053
239,2025-12-26,5.6500,5.5900,5.6800,5.5000,1464578.0000,5.6800,6.2480,5.1120,False,False,-0.0018
240,2025-12-29,5.5800,5.5400,5.6400,5.5100,940400.0000,5.5900,6.1490,5.0310,False,False,-0.0054
241,2025-12-30,5.5100,5.7600,5.8500,5.4700,1810440.0000,5.5400,6.0940,4.9860,False,False,-0.0035
242,2025-12-31,5.7400,5.6500,5.7500,5.5700,1206338.0000,5.7600,6.3360,5.1840,False,False,
