stock_code,trading_days,sideways_days,sideways_ratio,violent_fluctuation_days,violent_fluctuation_ratio,volume_price_surge_days,volume_price_surge_ratio,average_box_width_20,average_abs_ma_20_slope
sz002067,243,32,0.131687,46,0.189300,14,0.057613,0.243307,0.028783
sz002361,243,58,0.238683,44,0.181070,19,0.078189,0.216562,0.026385
sz300274,243,32,0.131687,37,0.152263,16,0.065844,0.250799,0.036257
sz300433,243,5,0.020576,37,0.152263,14,0.057613,0.246471,0.027505
sz002600,243,33,0.135802,35,0.144033,20,0.082305,0.249414,0.033059
sh600438,243,26,0.106996,22,0.090535,14,0.057613,0.194323,0.022042
sh603259,243,36,0.148148,21,0.086420,11,0.045267,0.207640,0.028358
sh603799,243,29,0.119342,20,0.082305,19,0.078189,0.209103,0.026809
sh600231,243,53,0.218107,17,0.069959,9,0.037037,0.159477,0.016254
sh601012,243,78,0.320988,14,0.057613,16,0.065844,0.156831,0.020302
sz002129,243,94,0.386831,14,0.057613,15,0.061728,0.163019,0.017261
sh601500,239,163,0.682008,9,0.037657,4,0.016736,0.116156,0.009199
sz002230,243,102,0.419753,8,0.032922,6,0.024691,0.134621,0.013550
sh600763,243,144,0.592593,6,0.024691,6,0.024691,0.107112,0.012353
sh601636,243,97,0.399177,5,0.020576,9,0.037037,0.135500,0.016567
sz000100,243,160,0.658436,1,0.004115,7,0.028807,0.111901,0.011837
