,stock_code,trading_days,average_daily_return,average_amplitude,average_amount,average_volume_ratio,average_volatility_20,volume_spike_days,large_rise_days,large_fall_days,high_amplitude_days,volume_spike_ratio,large_move_ratio
0,sz002067,243,0.0022611570247933884,0.04417355371900827,1152198.7037037036,1.0470339285714285,0.031482062780269056,37,18,9,32,0.1522633744855967,0.1111111111111111
1,sz002600,243,0.0034252066115702477,0.04086776859504133,2197864.8559670784,1.062478125,0.03112017937219731,41,17,10,25,0.16872427983539096,0.1111111111111111
2,sz002230,243,0.000545867768595041,0.025413223140495874,442485.2962962963,0.9890616071428572,0.01854170403587444,29,5,2,3,0.11934156378600823,0.02880658436213992
3,sh600763,243,-0.00012190082644628098,0.02347107438016529,73987.1316872428,1.0094348214285715,0.01730627802690583,24,3,2,2,0.09876543209876543,0.0205761316872428
4,sh603259,243,0.0028355371900826445,0.03466942148760331,445288.72839506174,1.0105696428571427,0.029007174887892378,23,14,7,9,0.09465020576131687,0.08641975308641975
5,sh603799,243,0.004152479338842976,0.0375206611570248,587479.2551440329,1.0677160714285716,0.027892376681614352,33,13,6,8,0.13580246913580246,0.07818930041152264
6,sh601012,243,0.0009318181818181817,0.030165289256198345,1237040.827160494,1.0452696428571429,0.021714798206278026,37,6,5,6,0.1522633744855967,0.04526748971193416
7,sh600438,243,8.842975206611479e-05,0.038099173553719015,752634.4814814815,1.0358,0.02788609865470852,31,12,6,15,0.12757201646090535,0.07407407407407407
8,sz002361,243,0.004802479338842975,0.04342975206611571,673475.9423868313,1.0645169642857142,0.027993721973094167,38,24,9,33,0.15637860082304528,0.13580246913580246
9,sh601500,239,-0.00017689075630252063,0.022689075630252103,319742.5230125523,1.0070536363636364,0.015694520547945207,22,3,2,6,0.09205020920502092,0.02092050209205021
10,sh600231,243,0.0010995867768595036,0.034958677685950415,258001.40740740742,1.0630995535714285,0.023095964125560534,31,6,5,11,0.12757201646090535,0.04526748971193416
11,sz300274,243,0.0044173553719008265,0.04483471074380166,572667.012345679,1.0447299107142858,0.035202242152466375,26,18,8,29,0.10699588477366255,0.10699588477366255
12,sh601636,243,0.0004814049586776862,0.02710743801652893,318129.78600823047,1.039672767857143,0.01799237668161435,23,4,1,0,0.09465020576131687,0.0205761316872428
13,sz002129,243,0.0002314049586776861,0.03190082644628099,880724.4773662551,1.0442022321428572,0.022731390134529152,37,9,2,7,0.1522633744855967,0.04526748971193416
14,sz000100,243,-0.00018099173553718994,0.02297520661157025,3212219.5061728396,1.0078035714285714,0.016145739910313903,24,0,1,0,0.09876543209876543,0.00411522633744856
15,sz300433,243,0.0023528925619834707,0.046157024793388436,787655.2263374486,1.0084035714285715,0.03483542600896861,28,19,9,30,0.11522633744855967,0.11522633744855967
