,Unnamed: 0.1,Unnamed: 0,date,open,close,high,low,amount,ma_3,ma_5,ma_7,ma_10,ma_20,ma_21,daily_return,amplitude,amount_change,amount_ma_20,volume_ratio,rolling_volatility_20,rolling_high_20,rolling_low_20,rolling_mean_close_20,box_width_20,ma_20_slope,sideways_box,violent_fluctuation,volume_price_surge
0,0,0,2025-01-02,4.8900,4.8100,4.9700,4.7700,5877025.0000,,,,,,,,,,,,,,,,,,False,False,False
1,1,1,2025-01-03,4.8200,4.7400,4.9100,4.7100,4899070.0000,,,,,,,-0.0146,0.0400,-0.1664,,,,,,,,,False,False,False
2,2,2,2025-01-06,4.7500,4.7500,4.8200,4.6700,3678391.0000,4.7667,,,,,,0.0021,0.0300,-0.2492,,,,,,,,,False,False,False
3,3,3,2025-01-07,4.7800,4.9300,5.0100,4.7800,6536136.0000,4.8067,,,,,,0.0379,0.0500,0.7769,,,,,,,,,False,False,False
4,4,4,2025-01-08,4.8800,4.8100,4.8900,4.6800,5279089.0000,4.8300,4.8080,,,,,-0.0243,0.0400,-0.1923,,,,,,,,,False,False,False
5,5,5,2025-01-09,4.7900,4.7600,4.8200,4.7500,3043715.0000,4.8333,4.7980,,,,,-0.0104,0.0100,-0.4234,,,,,,,,,False,False,False
6,6,6,2025-01-10,4.7800,4.6300,4.7900,4.6300,3585932.0000,4.7333,4.7760,4.7757,,,,-0.0273,0.0300,0.1781,,,,,,,,,False,False,False
7,7,7,2025-01-13,4.5900,4.6700,4.7200,4.5600,2754081.0000,4.6867,4.7600,4.7557,,,,0.0086,0.0300,-0.2320,,,,,,,,,False,False,False
8,8,8,2025-01-14,4.6500,4.8300,4.8400,4.6500,3558432.0000,4.7100,4.7400,4.7686,,,,0.0343,0.0400,0.2921,,,,,,,,,False,False,False
9,9,9,2025-01-15,4.8200,4.7200,4.8200,4.7100,2621440.0000,4.7400,4.7220,4.7643,4.7650,,,-0.0228,0.0200,-0.2633,,,,,,,,,False,False,False
10,10,10,2025-01-16,4.7500,4.8100,4.8300,4.7300,2999260.0000,4.7867,4.7320,4.7471,4.7650,,,0.0191,0.0200,0.1441,,,,,,,,,False,False,False
11,11,11,2025-01-17,4.7800,4.7800,4.8400,4.7600,2080843.0000,4.7700,4.7620,4.7429,4.7690,,,-0.0062,0.0200,-0.3062,,,,,,,,,False,False,False
12,12,12,2025-01-20,4.8100,4.9000,4.9500,4.8000,4385211.0000,4.8300,4.8080,4.7629,4.7840,,,0.0251,0.0300,1.1074,,,,,,,,,False,False,False
13,13,13,2025-01-21,4.9500,5.0500,5.1100,4.9200,6530266.0000,4.9100,4.8520,4.8229,4.7960,,,0.0306,0.0400,0.4892,,,,,,,,,False,False,False
14,14,14,2025-01-22,5.0200,4.9900,5.0700,4.9600,3334320.0000,4.9800,4.9060,4.8686,4.8140,,,-0.0119,0.0200,-0.4894,,,,,,,,,False,False,False
15,15,15,2025-01-23,5.0200,4.8500,5.0400,4.8500,4124234.0000,4.9633,4.9140,4.8714,4.8230,,,-0.0281,0.0400,0.2369,,,,,,,,,False,False,False
16,16,16,2025-01-24,4.8500,4.9000,4.9600,4.8500,2824573.0000,4.9133,4.9380,4.8971,4.8500,,,0.0103,0.0200,-0.3151,,,,,,,,,False,False,False
17,17,17,2025-01-27,4.9000,4.8700,4.9500,4.8500,2255011.0000,4.8733,4.9320,4.9057,4.8700,,,-0.0061,0.0200,-0.2016,,,,,,,,,False,False,False
18,18,18,2025-02-05,4.9000,4.9200,4.9400,4.8400,2328821.0000,4.8967,4.9060,4.9257,4.8790,,,0.0103,0.0200,0.0327,,,,,,,,,False,False,False
19,19,19,2025-02-06,4.9200,4.9400,4.9600,4.8200,3086232.0000,4.9100,4.8960,4.9314,4.9010,4.8330,,0.0041,0.0300,0.3252,3789104.1000,0.8145,,5.1100,4.5600,4.8330,0.1138,,False,False,False
20,20,20,2025-02-07,4.9200,4.9500,5.0300,4.9100,4953080.0000,4.9367,4.9160,4.9171,4.9150,4.8400,4.8386,0.0020,0.0200,0.6049,3742906.8500,1.3233,0.0205,5.1100,4.5600,4.8400,0.1136,,False,False,False
21,21,21,2025-02-10,4.9500,4.9100,4.9700,4.8700,4074392.0000,4.9333,4.9180,4.9057,4.9280,4.8485,4.8433,-0.0081,0.0200,-0.1774,3701672.9500,1.1007,0.0203,5.1100,4.5600,4.8485,0.1134,,False,False,False
22,22,22,2025-02-11,4.9100,4.8200,4.9100,4.8100,3238975.0000,4.8933,4.9080,4.9014,4.9200,4.8520,4.8471,-0.0183,0.0200,-0.2050,3679702.1500,0.8802,0.0208,5.1100,4.5600,4.8520,0.1134,,False,False,False
23,23,23,2025-02-12,4.8100,4.8600,4.8700,4.7400,3474538.0000,4.8633,4.8960,4.8957,4.9010,4.8485,4.8524,0.0083,0.0300,0.0727,3526622.2500,0.9852,0.0190,5.1100,4.5600,4.8485,0.1134,,False,False,False
24,24,24,2025-02-13,4.8400,4.7500,4.8500,4.7300,3465610.0000,4.8100,4.8580,4.8786,4.8770,4.8455,4.8438,-0.0226,0.0200,-0.0026,3435948.3000,1.0086,0.0189,5.1100,4.5600,4.8455,0.1135,0.0026,True,False,False
25,25,25,2025-02-14,4.7200,4.8300,4.8500,4.7100,3473569.0000,4.8133,4.8340,4.8657,4.8750,4.8490,4.8448,0.0168,0.0300,0.0023,3457441.0000,1.0047,0.0191,5.1100,4.5600,4.8490,0.1134,0.0019,True,False,False
26,26,26,2025-02-17,4.8100,4.8500,4.9000,4.7900,3615252.0000,4.8100,4.8220,4.8529,4.8700,4.8600,4.8490,0.0041,0.0200,0.0408,3458907.0000,1.0452,0.0179,5.1100,4.5600,4.8600,0.1132,0.0024,True,False,False
27,27,27,2025-02-18,4.8500,4.7400,5.0200,4.7400,7075264.0000,4.8067,4.8060,4.8229,4.8570,4.8635,4.8543,-0.0227,0.0600,0.9571,3674966.1500,1.9253,0.0187,5.1100,4.6500,4.8635,0.0946,0.0024,True,False,False
28,28,28,2025-02-19,4.7200,4.7000,4.7900,4.6400,6181834.0000,4.7633,4.7740,4.7929,4.8350,4.8570,4.8557,-0.0084,0.0300,-0.1263,3806136.2500,1.6242,0.0171,5.1100,4.6400,4.8570,0.0968,0.0018,True,False,False
29,29,29,2025-02-20,4.6900,4.7100,4.7700,4.6600,3855899.0000,4.7167,4.7660,4.7771,4.8120,4.8565,4.8500,0.0021,0.0200,-0.3763,3867859.2000,0.9969,0.0163,5.1100,4.6400,4.8565,0.0968,0.0023,True,False,False
30,30,30,2025-02-21,4.7300,4.7300,4.7900,4.6400,4712290.0000,4.7133,4.7460,4.7586,4.7900,4.8525,4.8505,0.0042,0.0300,0.2221,3953510.7000,1.1919,0.0157,5.1100,4.6400,4.8525,0.0969,0.0007,True,False,False
31,31,31,2025-02-24,4.7500,4.7400,4.7800,4.7000,3849859.0000,4.7267,4.7240,4.7571,4.7730,4.8505,4.8471,0.0021,0.0200,-0.1830,4041961.5000,0.9525,0.0157,5.1100,4.6400,4.8505,0.0969,-0.0020,True,False,False
32,32,32,2025-02-25,4.7100,4.7200,4.7500,4.6400,3665547.0000,4.7300,4.7200,4.7414,4.7630,4.8415,4.8443,-0.0042,0.0200,-0.0479,4005978.3000,0.9150,0.0145,5.1100,4.6400,4.8415,0.0971,-0.0045,True,False,False
33,33,33,2025-02-26,4.7100,4.6800,4.7500,4.6400,3940273.0000,4.7133,4.7160,4.7171,4.7450,4.8230,4.8338,-0.0085,0.0200,0.0749,3876478.6500,1.0165,0.0124,5.0700,4.6400,4.8230,0.0892,-0.0070,True,False,False
34,34,34,2025-02-27,4.6700,4.5800,4.6800,4.5200,5195436.0000,4.6600,4.6900,4.6943,4.7280,4.8025,4.8114,-0.0214,0.0300,0.3185,3969534.4500,1.3088,0.0129,5.0400,4.5200,4.8025,0.1083,-0.0111,True,False,False
35,35,35,2025-02-28,4.5500,4.4800,4.6000,4.4700,3118827.0000,4.5800,4.6400,4.6629,4.6930,4.7840,4.7871,-0.0218,0.0300,-0.3997,3919264.1000,0.7958,0.0123,5.0300,4.4700,4.7840,0.1171,-0.0141,True,False,False
36,36,36,2025-03-03,4.4900,4.5300,4.5700,4.4800,2991796.0000,4.5300,4.5980,4.6371,4.6610,4.7655,4.7719,0.0112,0.0200,-0.0407,3927625.2500,0.7617,0.0124,5.0300,4.4700,4.7655,0.1175,-0.0175,True,False,False
37,37,37,2025-03-04,4.6100,4.7000,4.7400,4.5700,6217263.0000,4.5700,4.5940,4.6329,4.6570,4.7570,4.7624,0.0375,0.0400,1.0781,4125737.8500,1.5069,0.0154,5.0300,4.4700,4.7570,0.1177,-0.0175,True,False,True
38,38,38,2025-03-05,4.6600,4.6500,4.6900,4.5600,3578502.0000,4.6267,4.5880,4.6200,4.6520,4.7435,4.7519,-0.0106,0.0300,-0.4244,4188221.9000,0.8544,0.0153,5.0300,4.4700,4.7435,0.1181,-0.0165,True,False,False
39,39,39,2025-03-06,4.6700,4.6700,4.6900,4.6400,3081188.0000,4.6733,4.6060,4.6129,4.6480,4.7300,4.7400,0.0043,0.0100,-0.1390,4187969.7000,0.7357,0.0153,5.0300,4.4700,4.7300,0.1184,-0.0151,True,False,False
40,40,40,2025-03-07,4.6600,4.6300,4.6600,4.6100,2191669.0000,4.6500,4.6360,4.6057,4.6380,4.7140,4.7252,-0.0086,0.0100,-0.2887,4049899.1500,0.5412,0.0153,5.0200,4.4700,4.7140,0.1167,-0.0146,True,False,False
41,41,41,2025-03-10,4.6200,4.5700,4.6500,4.5500,2292161.0000,4.6233,4.6440,4.6043,4.6210,4.6970,4.7071,-0.0130,0.0200,0.0459,3960787.6000,0.5787,0.0154,5.0200,4.4700,4.6970,0.1171,-0.0144,True,False,False
42,42,42,2025-03-11,4.5400,4.5700,4.5700,4.4900,2284050.0000,4.5900,4.6180,4.6171,4.6060,4.6845,4.6910,0.0000,0.0200,-0.0035,3913041.3500,0.5837,0.0150,5.0200,4.4700,4.6845,0.1174,-0.0152,True,False,False
43,43,43,2025-03-12,4.5700,4.5200,4.5700,4.5200,1892996.0000,4.5533,4.5920,4.6157,4.5900,4.6675,4.6767,-0.0109,0.0100,-0.1712,3833964.2500,0.4937,0.0149,5.0200,4.4700,4.6675,0.1178,-0.0160,True,False,False
44,44,44,2025-03-13,4.5400,4.5500,4.5600,4.5100,2517381.0000,4.5467,4.5680,4.5943,4.5870,4.6575,4.6619,0.0066,0.0100,0.3298,3786552.8000,0.6648,0.0144,5.0200,4.4700,4.6575,0.1181,-0.0153,True,False,False
45,45,45,2025-03-14,4.5400,4.6100,4.6200,4.5300,2826951.0000,4.5600,4.5640,4.5886,4.6000,4.6465,4.6552,0.0132,0.0200,0.1230,3754221.9000,0.7530,0.0141,5.0200,4.4700,4.6465,0.1184,-0.0143,True,False,False
46,46,46,2025-03-17,4.6200,4.6100,4.6500,4.6000,1898027.0000,4.5900,4.5720,4.5800,4.6080,4.6345,4.6448,0.0000,0.0100,-0.3286,3668360.6500,0.5174,0.0141,5.0200,4.4700,4.6345,0.1187,-0.0133,True,False,False
47,47,47,2025-03-18,4.6200,4.6400,4.6900,4.6100,2953200.0000,4.6200,4.5860,4.5814,4.6020,4.6295,4.6348,0.0065,0.0200,0.5559,3462257.4500,0.8530,0.0134,4.7900,4.4700,4.6295,0.0691,-0.0117,True,False,False
48,48,48,2025-03-19,4.6500,4.5800,4.6600,4.5700,1963245.0000,4.6100,4.5980,4.5829,4.5950,4.6235,4.6271,-0.0129,0.0200,-0.3352,3251328.0000,0.6038,0.0135,4.7900,4.4700,4.6235,0.0692,-0.0094,True,False,False
49,49,49,2025-03-20,4.5800,4.5400,4.6000,4.5300,1953836.0000,4.5867,4.5960,4.5786,4.5820,4.6150,4.6195,-0.0087,0.0200,-0.0048,3156224.8500,0.6190,0.0136,4.7900,4.4700,4.6150,0.0693,-0.0091,True,False,False
50,50,50,2025-03-21,4.5300,4.4200,4.5500,4.4200,3338848.0000,4.5133,4.5580,4.5643,4.5610,4.5995,4.6057,-0.0264,0.0300,0.7089,3087552.7500,1.0814,0.0146,4.7800,4.4200,4.5995,0.0783,-0.0101,True,False,False
51,51,51,2025-03-24,4.4300,4.4200,4.4700,4.3800,2153657.0000,4.4600,4.5200,4.5457,4.5460,4.5835,4.5910,0.0000,0.0200,-0.3550,3002742.6500,0.7172,0.0145,4.7500,4.3800,4.5835,0.0807,-0.0110,True,False,False
52,52,52,2025-03-25,4.4300,4.3700,4.4300,4.3500,2122794.0000,4.4033,4.4660,4.5114,4.5260,4.5660,4.5733,-0.0113,0.0200,-0.0143,2925605.0000,0.7256,0.0147,4.7500,4.3500,4.5660,0.0876,-0.0137,True,False,False
53,53,53,2025-03-26,4.3600,4.3700,4.3900,4.3500,1502779.0000,4.3867,4.4240,4.4771,4.5110,4.5505,4.5567,0.0000,0.0100,-0.2921,2803730.3000,0.5360,0.0146,4.7400,4.3500,4.5505,0.0857,-0.0158,True,False,False
54,54,54,2025-03-27,4.3600,4.3500,4.3900,4.3300,1860928.0000,4.3633,4.3860,4.4357,4.4910,4.5390,4.5410,-0.0046,0.0100,0.2383,2637004.9000,0.7057,0.0140,4.7400,4.3300,4.5390,0.0903,-0.0165,True,False,False
55,55,55,2025-03-28,4.3600,4.2900,4.3700,4.2800,2133919.0000,4.3367,4.3600,4.3943,4.4590,4.5295,4.5271,-0.0138,0.0200,0.1467,2587759.5000,0.8246,0.0135,4.7400,4.2800,4.5295,0.1016,-0.0152,True,False,False
56,56,56,2025-03-31,4.2600,4.3100,4.3600,4.2500,2125873.0000,4.3167,4.3380,4.3614,4.4290,4.5185,4.5190,0.0047,0.0300,-0.0038,2544463.3500,0.8355,0.0133,4.7400,4.2500,4.5185,0.1084,-0.0142,True,False,False
57,57,57,2025-04-01,4.3200,4.3300,4.3900,4.3100,1661377.0000,4.3100,4.3300,4.3486,4.3980,4.5000,4.5095,0.0046,0.0200,-0.2185,2316669.0500,0.7171,0.0096,4.6900,4.2500,4.5000,0.0978,-0.0145,True,False,False
58,58,58,2025-04-02,4.3300,4.3700,4.3900,4.3100,1802333.0000,4.3367,4.3300,4.3414,4.3770,4.4860,4.4938,0.0092,0.0200,0.0848,2227860.6000,0.8090,0.0099,4.6900,4.2500,4.4860,0.0981,-0.0142,True,False,False
59,59,59,2025-04-03,4.3400,4.2500,4.3600,4.2300,2569836.0000,4.3167,4.3100,4.3243,4.3480,4.4650,4.4748,-0.0275,0.0300,0.4258,2202293.0000,1.1669,0.0111,4.6900,4.2300,4.4650,0.1030,-0.0163,True,False,False
60,60,60,2025-04-07,3.9500,3.8100,3.9600,3.8100,3479954.0000,4.1433,4.2140,4.2443,4.2870,4.4240,4.4338,-0.1035,0.0400,0.3542,2266707.2500,1.5352,0.0248,4.6900,3.8100,4.4240,0.1989,-0.0233,False,True,False
61,61,61,2025-04-08,3.7400,3.7200,3.8000,3.6700,4224496.0000,3.9267,4.0960,4.1543,4.2170,4.3815,4.3905,-0.0236,0.0300,0.2140,2363324.0000,1.7875,0.0250,4.6900,3.6700,4.3815,0.2328,-0.0303,False,False,False
62,62,62,2025-04-09,3.6800,3.7100,3.7500,3.5400,4312045.0000,3.7467,3.9720,4.0714,4.1510,4.3385,4.3495,-0.0027,0.0600,0.0207,2464723.7500,1.7495,0.0249,4.6900,3.5400,4.3385,0.2651,-0.0359,False,False,False
63,63,63,2025-04-10,3.8300,3.8800,3.9300,3.7900,4850411.0000,3.7700,3.8740,4.0100,4.1020,4.3065,4.3167,0.0458,0.0400,0.1249,2612594.5000,1.8565,0.0279,4.6900,3.5400,4.3065,0.2670,-0.0400,False,False,True
64,64,64,2025-04-11,3.8400,3.8400,3.8800,3.7900,2617969.0000,3.8100,3.7920,3.9400,4.0510,4.2710,4.2843,-0.0103,0.0200,-0.4603,2617623.9000,1.0001,0.0277,4.6900,3.5400,4.2710,0.2693,-0.0434,False,False,False
65,65,65,2025-04-14,3.9200,3.8600,3.9600,3.8500,2603732.0000,3.8600,3.8020,3.8671,4.0080,4.2335,4.2514,0.0052,0.0300,-0.0054,2606462.9500,0.9990,0.0274,4.6900,3.5400,4.2335,0.2716,-0.0431,False,False,False
66,66,66,2025-04-15,3.8600,3.8800,3.9000,3.8200,2178400.0000,3.8600,3.8340,3.8143,3.9650,4.1970,4.2167,0.0052,0.0200,-0.1634,2620481.6000,0.8313,0.0275,4.6900,3.5400,4.1970,0.2740,-0.0421,False,False,False
67,67,67,2025-04-16,3.8900,3.8900,3.9100,3.8100,2397849.0000,3.8767,3.8700,3.8257,3.9210,4.1595,4.1824,0.0026,0.0300,0.1007,2592714.0500,0.9248,0.0274,4.6600,3.5400,4.1595,0.2693,-0.0413,False,False,False
68,68,68,2025-04-17,3.8600,3.9300,3.9700,3.8500,2628107.0000,3.9000,3.8800,3.8557,3.8770,4.1270,4.1486,0.0103,0.0300,0.0960,2625957.1500,1.0008,0.0277,4.6000,3.5400,4.1270,0.2568,-0.0417,False,False,False
69,69,69,2025-04-18,3.9300,3.9600,3.9700,3.9000,1715089.0000,3.9267,3.9040,3.8914,3.8480,4.0980,4.1190,0.0076,0.0200,-0.3474,2614019.8000,0.6561,0.0279,4.5500,3.5400,4.0980,0.2465,-0.0405,False,False,False
70,70,70,2025-04-21,3.9500,3.9500,3.9800,3.9300,1537007.0000,3.9467,3.9220,3.9014,3.8620,4.0745,4.0910,-0.0025,0.0100,-0.1038,2523927.7500,0.6090,0.0275,4.4700,3.5400,4.0745,0.2282,-0.0376,False,False,False
71,71,71,2025-04-22,3.9400,3.9000,3.9600,3.9000,2020705.0000,3.9367,3.9260,3.9100,3.8800,4.0485,4.0662,-0.0127,0.0200,0.3147,2517280.1500,0.8027,0.0275,4.4300,3.5400,4.0485,0.2198,-0.0354,False,False,False
72,72,72,2025-04-23,3.9300,3.8900,3.9500,3.8800,1860450.0000,3.9133,3.9260,3.9143,3.8980,4.0245,4.0410,-0.0026,0.0200,-0.0793,2504162.9500,0.7429,0.0275,4.3900,3.5400,4.0245,0.2112,-0.0325,False,False,False
73,73,73,2025-04-24,3.8900,3.8800,3.9000,3.8400,1554663.0000,3.8900,3.9160,3.9143,3.8980,4.0000,4.0176,-0.0026,0.0200,-0.1644,2506757.1500,0.6202,0.0275,4.3900,3.5400,4.0000,0.2125,-0.0308,False,False,False
74,74,74,2025-04-25,3.8900,3.9400,3.9700,3.8800,2302202.0000,3.9033,3.9120,3.9214,3.9080,3.9795,3.9971,0.0155,0.0200,0.4808,2528820.8500,0.9104,0.0279,4.3900,3.5400,3.9795,0.2136,-0.0289,False,False,False
75,75,75,2025-04-28,3.9200,3.8900,3.9400,3.8800,1599216.0000,3.9033,3.9000,3.9157,3.9110,3.9595,3.9752,-0.0127,0.0200,-0.3054,2502085.7000,0.6392,0.0279,4.3900,3.5400,3.9595,0.2147,-0.0282,False,False,False
76,76,76,2025-04-29,3.9400,3.9400,4.0600,3.9300,4036346.0000,3.9233,3.9080,3.9129,3.9170,3.9410,3.9586,0.0129,0.0300,1.5240,2597609.3500,1.5539,0.0281,4.3900,3.5400,3.9410,0.2157,-0.0266,False,False,False
77,77,77,2025-04-30,3.9500,4.0100,4.0600,3.9400,3542964.0000,3.9467,3.9320,3.9214,3.9290,3.9250,3.9443,0.0178,0.0300,-0.1222,2691688.7000,1.3163,0.0285,4.3900,3.5400,3.9250,0.2166,-0.0247,False,False,False
78,78,78,2025-05-06,4.0200,4.1500,4.1500,4.0200,2993308.0000,4.0333,3.9860,3.9571,3.9510,3.9140,3.9357,0.0349,0.0300,-0.1551,2751237.4500,1.0880,0.0296,4.3600,3.5400,3.9140,0.2095,-0.0215,False,False,False
79,79,79,2025-05-07,4.1900,4.1200,4.2100,4.1000,2166861.0000,4.0933,4.0220,3.9900,3.9670,3.9075,3.9238,-0.0072,0.0300,-0.2761,2731088.7000,0.7934,0.0290,4.2100,3.5400,3.9075,0.1715,-0.0181,False,False,False
80,80,80,2025-05-08,4.1300,4.1200,4.1500,4.1000,1753874.0000,4.1300,4.0680,4.0243,3.9840,3.9230,3.9176,0.0000,0.0100,-0.1906,2644784.7000,0.6631,0.0162,4.2100,3.5400,3.9230,0.1708,-0.0092,False,False,False
81,81,81,2025-05-09,4.1300,4.1300,4.1600,4.1100,1729725.0000,4.1233,4.1060,4.0514,4.0070,3.9435,3.9329,0.0024,0.0100,-0.0138,2520046.1500,0.6864,0.0149,4.2100,3.5400,3.9435,0.1699,0.0006,False,False,False
82,82,82,2025-05-12,4.1600,4.2600,4.2700,4.1500,2994799.0000,4.1700,4.1560,4.1043,4.0440,3.9710,3.9586,0.0315,0.0300,0.7314,2454183.8500,1.2203,0.0158,4.2700,3.7900,3.9710,0.1209,0.0117,False,False,False
83,83,83,2025-05-13,4.3000,4.1900,4.3100,4.1700,2611607.0000,4.1933,4.1640,4.1400,4.0750,3.9865,3.9814,-0.0164,0.0300,-0.1280,2342243.6500,1.1150,0.0138,4.3100,3.7900,3.9865,0.1304,0.0185,False,False,False
84,84,84,2025-05-14,4.1800,4.1900,4.2100,4.1100,2105441.0000,4.2133,4.1780,4.1657,4.1000,4.0040,3.9962,0.0000,0.0200,-0.1938,2316617.2500,0.9088,0.0134,4.3100,3.8100,4.0040,0.1249,0.0247,False,False,False
85,85,85,2025-05-15,4.1900,4.1500,4.1900,4.1300,1358469.0000,4.1767,4.1840,4.1657,4.1260,4.0185,4.0110,-0.0095,0.0100,-0.3548,2254354.1000,0.6026,0.0138,4.3100,3.8100,4.0185,0.1244,0.0243,False,False,False
86,86,86,2025-05-16,4.1300,4.1900,4.2100,4.1200,1404213.0000,4.1767,4.1960,4.1757,4.1510,4.0340,4.0267,0.0096,0.0200,0.0337,2215644.7500,0.6338,0.0138,4.3100,3.8100,4.0340,0.1239,0.0229,False,False,False
87,87,87,2025-05-19,4.1800,4.1700,4.2000,4.1300,1135239.0000,4.1700,4.1780,4.1829,4.1670,4.0480,4.0405,-0.0048,0.0200,-0.1915,2152514.2500,0.5274,0.0140,4.3100,3.8400,4.0480,0.1161,0.0194,True,False,False
88,88,88,2025-05-20,4.1900,4.2400,4.2600,4.1800,1782240.0000,4.2000,4.1880,4.1986,4.1760,4.0635,4.0571,0.0168,0.0200,0.5699,2110220.9000,0.8446,0.0142,4.3100,3.8400,4.0635,0.1157,0.0193,True,False,False
89,89,89,2025-05-21,4.2400,4.2300,4.2500,4.2100,1115129.0000,4.2133,4.1960,4.1943,4.1870,4.0770,4.0714,-0.0024,0.0100,-0.3743,2080222.9000,0.5361,0.0143,4.3100,3.8400,4.0770,0.1153,0.0182,True,False,False
90,90,90,2025-05-22,4.2300,4.2200,4.3000,4.2100,1514463.0000,4.2300,4.2100,4.1986,4.1970,4.0905,4.0838,-0.0024,0.0200,0.3581,2079095.7000,0.7284,0.0143,4.3100,3.8400,4.0905,0.1149,0.0179,True,False,False
91,91,91,2025-05-23,4.2200,4.1600,4.2600,4.1600,1464029.0000,4.2033,4.2040,4.1943,4.2000,4.1035,4.0938,-0.0142,0.0200,-0.0333,2051261.9000,0.7137,0.0143,4.3100,3.8400,4.1035,0.1145,0.0172,True,False,False
92,92,92,2025-05-26,4.1900,4.2800,4.3100,4.1900,2942952.0000,4.2200,4.2260,4.2129,4.2020,4.1230,4.1119,0.0288,0.0300,1.0102,2105387.0000,1.3978,0.0154,4.3100,3.8400,4.1230,0.1140,0.0185,True,False,False
93,93,93,2025-05-27,4.2800,4.2800,4.3000,4.2400,1441632.0000,4.2400,4.2340,4.2257,4.2110,4.1430,4.1305,0.0000,0.0100,-0.5101,2099735.4500,0.6866,0.0153,4.3100,3.8800,4.1430,0.1038,0.0196,True,False,False
94,94,94,2025-05-28,4.2700,4.2500,4.3000,4.2400,1353060.0000,4.2700,4.2380,4.2371,4.2170,4.1585,4.1481,-0.0070,0.0100,-0.0614,2052278.3500,0.6593,0.0153,4.3100,3.8800,4.1585,0.1034,0.0200,True,False,False
95,95,95,2025-05-29,4.2500,4.2400,4.2700,4.2300,1559151.0000,4.2567,4.2420,4.2371,4.2260,4.1760,4.1624,-0.0024,0.0100,0.1523,2050275.1000,0.7605,0.0149,4.3100,3.9300,4.1760,0.0910,0.0209,True,False,False
96,96,96,2025-05-30,4.2300,4.1400,4.2400,4.1300,2376909.0000,4.2100,4.2380,4.2243,4.2210,4.1860,4.1743,-0.0236,0.0300,0.5245,1967303.2500,1.2082,0.0160,4.3100,3.9400,4.1860,0.0884,0.0201,True,False,False
97,97,97,2025-06-03,4.1400,4.1300,4.1700,4.1000,1922933.0000,4.1700,4.2080,4.2114,4.2170,4.1920,4.1833,-0.0024,0.0200,-0.1910,1886301.7000,1.0194,0.0156,4.3100,4.0200,4.1920,0.0692,0.0167,True,False,False
98,98,98,2025-06-04,4.1300,4.2000,4.2100,4.1200,1975170.0000,4.1567,4.1920,4.2171,4.2130,4.1945,4.1924,0.0169,0.0200,0.0272,1835394.8000,1.0762,0.0140,4.3100,4.1000,4.1945,0.0501,0.0124,True,False,False
99,99,99,2025-06-05,4.2000,4.1600,4.2200,4.1500,1975458.0000,4.1633,4.1740,4.2000,4.2060,4.1965,4.1929,-0.0095,0.0200,0.0001,1825824.6500,1.0820,0.0141,4.3100,4.1000,4.1965,0.0500,0.0091,True,False,False
100,100,100,2025-06-06,4.1800,4.1700,4.1900,4.1300,1515520.0000,4.1767,4.1600,4.1843,4.2010,4.1990,4.1952,0.0024,0.0100,-0.2328,1813906.9500,0.8355,0.0141,4.3100,4.1000,4.1990,0.0500,0.0055,True,False,False
101,101,101,2025-06-09,4.1700,4.1400,4.1800,4.1300,1753510.0000,4.1567,4.1600,4.1686,4.1990,4.1995,4.1962,-0.0072,0.0100,0.1570,1815096.2000,0.9661,0.0142,4.3100,4.1000,4.1995,0.0500,0.0032,True,False,False
102,102,102,2025-06-10,4.1400,4.1200,4.1500,4.0900,1897651.0000,4.1433,4.1580,4.1514,4.1830,4.1925,4.1957,-0.0048,0.0100,0.0822,1760238.8000,1.0781,0.0122,4.3100,4.0900,4.1925,0.0525,0.0001,True,False,False
103,103,103,2025-06-11,4.1200,4.1700,4.1900,4.1100,1746994.0000,4.1433,4.1520,4.1557,4.1720,4.1915,4.1914,0.0121,0.0200,-0.0794,1717008.1500,1.0175,0.0120,4.3100,4.0900,4.1915,0.0525,-0.0007,True,False,False
104,104,104,2025-06-12,4.1600,4.2300,4.2500,4.1500,2322709.0000,4.1733,4.1660,4.1700,4.1700,4.1935,4.1933,0.0144,0.0200,0.3295,1727871.5500,1.3443,0.0125,4.3100,4.0900,4.1935,0.0525,-0.0007,True,False,False
105,105,105,2025-06-13,4.2100,4.1600,4.2200,4.1200,1865225.0000,4.1867,4.1640,4.1643,4.1620,4.1940,4.1919,-0.0165,0.0200,-0.1970,1753209.3500,1.0639,0.0129,4.3100,4.0900,4.1940,0.0525,-0.0012,True,False,False
106,106,106,2025-06-16,4.1500,4.1600,4.1800,4.1300,1035262.0000,4.1833,4.1680,4.1643,4.1640,4.1925,4.1924,0.0000,0.0100,-0.4450,1734761.8000,0.5968,0.0127,4.3100,4.0900,4.1925,0.0525,-0.0017,True,False,False
107,107,107,2025-06-17,4.1700,4.2200,4.2400,4.1600,1636248.0000,4.1800,4.1880,4.1714,4.1730,4.1950,4.1938,0.0144,0.0200,0.5805,1759812.2500,0.9298,0.0130,4.3100,4.0900,4.1950,0.0524,0.0006,True,False,False
108,108,108,2025-06-18,4.2100,4.2300,4.2500,4.1900,1438832.0000,4.2033,4.2000,4.1843,4.1760,4.1945,4.1967,0.0024,0.0100,-0.1207,1742641.8500,0.8257,0.0125,4.3100,4.0900,4.1945,0.0524,0.0007,True,False,False
109,109,109,2025-06-19,4.2300,4.1800,4.2300,4.1500,1361384.0000,4.2100,4.1900,4.1929,4.1780,4.1920,4.1938,-0.0118,0.0200,-0.0538,1754954.6000,0.7757,0.0128,4.3100,4.0900,4.1920,0.0525,-0.0004,True,False,False
110,110,110,2025-06-20,4.1900,4.2100,4.2400,4.1800,1415943.0000,4.2067,4.2000,4.1986,4.1820,4.1915,4.1929,0.0072,0.0100,0.0401,1750028.6000,0.8091,0.0129,4.3100,4.0900,4.1915,0.0525,-0.0006,True,False,False
111,111,111,2025-06-23,4.1800,4.1900,4.2300,4.1600,1410766.0000,4.1933,4.2060,4.1929,4.1870,4.1930,4.1914,-0.0048,0.0200,-0.0037,1747365.4500,0.8074,0.0125,4.3100,4.0900,4.1930,0.0525,0.0001,True,False,False
112,112,112,2025-06-24,4.2000,4.1800,4.2300,4.1700,2127437.0000,4.1933,4.1980,4.1957,4.1930,4.1880,4.1924,-0.0024,0.0100,0.5080,1706589.7000,1.2466,0.0105,4.3000,4.0900,4.1880,0.0501,-0.0017,True,False,False
113,113,113,2025-06-25,4.1900,4.1900,4.2000,4.1200,2972609.0000,4.1867,4.1900,4.2000,4.1950,4.1835,4.1881,0.0024,0.0200,0.3973,1783138.5500,1.6671,0.0106,4.3000,4.0900,4.1835,0.0502,-0.0026,True,False,False
114,114,114,2025-06-26,4.1900,4.1500,4.2800,4.1500,3671731.0000,4.1733,4.1840,4.1900,4.1870,4.1785,4.1819,-0.0095,0.0300,0.2352,1899072.1000,1.9334,0.0107,4.2800,4.0900,4.1785,0.0455,-0.0032,True,False,False
115,115,115,2025-06-27,4.1600,4.2000,4.2100,4.1500,2666907.0000,4.1800,4.1820,4.1857,4.1910,4.1765,4.1795,0.0120,0.0100,-0.2737,1954459.9000,1.3645,0.0111,4.2800,4.0900,4.1765,0.0455,-0.0036,True,False,False
116,116,116,2025-06-30,4.2100,4.1900,4.2200,4.1700,2155574.0000,4.1800,4.1820,4.1871,4.1940,4.1790,4.1771,-0.0024,0.0100,-0.1917,1943393.1500,1.1092,0.0096,4.2800,4.0900,4.1790,0.0455,-0.0033,True,False,False
117,117,117,2025-07-01,4.1900,4.2300,4.2400,4.1600,2412257.0000,4.2067,4.1920,4.1900,4.1950,4.1840,4.1814,0.0095,0.0200,0.1191,1967859.3500,1.2258,0.0098,4.2800,4.0900,4.1840,0.0454,-0.0010,True,False,False
118,118,118,2025-07-02,4.2300,4.3000,4.3000,4.2100,2918089.0000,4.2400,4.2140,4.2057,4.2020,4.1890,4.1895,0.0165,0.0200,0.2097,2015005.3000,1.4482,0.0098,4.3000,4.0900,4.1890,0.0501,0.0013,True,False,False
119,119,119,2025-07-03,4.3000,4.3800,4.3900,4.2700,2851337.0000,4.3033,4.2600,4.2343,4.2220,4.2000,4.1981,0.0186,0.0300,-0.0229,2058799.2500,1.3850,0.0102,4.3900,4.0900,4.2000,0.0714,0.0051,True,False,False
120,120,120,2025-07-04,4.3800,4.3000,4.3800,4.2900,2065004.0000,4.3267,4.2800,4.2500,4.2310,4.2065,4.2048,-0.0183,0.0200,-0.2758,2086273.4500,0.9898,0.0112,4.3900,4.0900,4.2065,0.0713,0.0072,True,False,False
121,121,121,2025-07-07,4.3000,4.2100,4.3100,4.1900,2759832.0000,4.2967,4.2840,4.2586,4.2330,4.2100,4.2067,-0.0209,0.0300,0.3365,2136589.5500,1.2917,0.0121,4.3900,4.0900,4.2100,0.0713,0.0074,True,False,False
122,122,122,2025-07-08,4.2100,4.2500,4.2600,4.1900,2252188.0000,4.2533,4.2880,4.2657,4.2400,4.2165,4.2119,0.0095,0.0200,-0.1839,2154316.4000,1.0454,0.0122,4.3900,4.1100,4.2165,0.0664,0.0078,True,False,False
123,123,123,2025-07-09,4.2600,4.2300,4.2700,4.2200,1964436.0000,4.2300,4.2740,4.2714,4.2440,4.2195,4.2171,-0.0047,0.0100,-0.1278,2165188.5000,0.9073,0.0120,4.3900,4.1200,4.2195,0.0640,0.0073,True,False,False
124,124,124,2025-07-10,4.2600,4.3300,4.3500,4.2500,3565505.0000,4.2700,4.2640,4.2857,4.2620,4.2245,4.2248,0.0236,0.0200,0.8150,2227328.3000,1.6008,0.0127,4.3900,4.1200,4.2245,0.0639,0.0058,True,False,False
125,125,125,2025-07-11,4.3600,4.3800,4.4300,4.3000,3397128.0000,4.3133,4.2800,4.2971,4.2800,4.2355,4.2319,0.0115,0.0300,-0.0472,2303923.4500,1.4745,0.0122,4.4300,4.1200,4.2355,0.0732,0.0069,True,False,False
126,126,126,2025-07-14,4.3800,4.4400,4.4600,4.3800,2610395.0000,4.3833,4.3260,4.3057,4.3050,4.2495,4.2452,0.0137,0.0200,-0.2316,2382680.1000,1.0956,0.0124,4.4600,4.1200,4.2495,0.0800,0.0094,True,False,False
127,127,127,2025-07-15,4.4400,4.3600,4.4600,4.3300,2491509.0000,4.3933,4.3480,4.3143,4.3180,4.2565,4.2548,-0.0180,0.0300,-0.0455,2425443.1500,1.0272,0.0130,4.4600,4.1200,4.2565,0.0799,0.0095,True,False,False
128,128,128,2025-07-16,4.3700,4.3300,4.3900,4.3200,1970778.0000,4.3767,4.3680,4.3314,4.3210,4.2615,4.2600,-0.0069,0.0200,-0.2090,2452040.4500,0.8037,0.0131,4.4600,4.1200,4.2615,0.0798,0.0100,True,False,False
129,129,129,2025-07-17,4.3400,4.4700,4.4800,4.3300,3102312.0000,4.3867,4.3960,4.3629,4.3300,4.2760,4.2714,0.0323,0.0300,0.5742,2539086.8500,1.2218,0.0145,4.4800,4.1200,4.2760,0.0842,0.0122,True,False,False
130,130,130,2025-07-18,4.4700,4.4200,4.5100,4.3900,2971102.0000,4.4067,4.4040,4.3900,4.3420,4.2865,4.2829,-0.0112,0.0300,-0.0423,2616844.8000,1.1354,0.0148,4.5100,4.1200,4.2865,0.0910,0.0120,True,False,False
131,131,131,2025-07-21,4.4200,4.5500,4.5600,4.4000,4115653.0000,4.4800,4.4260,4.4214,4.3760,4.3045,4.2990,0.0294,0.0400,0.3852,2752089.1500,1.4955,0.0159,4.5600,4.1200,4.3045,0.1022,0.0129,True,False,False
132,132,132,2025-07-22,4.5300,4.5700,4.5800,4.5000,3386215.0000,4.5133,4.4680,4.4486,4.4080,4.3240,4.3171,0.0044,0.0200,-0.1772,2815028.0500,1.2029,0.0158,4.5800,4.1200,4.3240,0.1064,0.0159,True,False,False
133,133,133,2025-07-23,4.5500,4.5400,4.5900,4.5200,2451251.0000,4.5533,4.5100,4.4629,4.4390,4.3415,4.3343,-0.0066,0.0200,-0.2761,2788960.1500,0.8789,0.0160,4.5900,4.1500,4.3415,0.1013,0.0188,True,False,False
134,134,134,2025-07-24,4.5400,4.5500,4.5600,4.5100,2587315.0000,4.5533,4.5260,4.4900,4.4610,4.3615,4.3514,0.0022,0.0100,0.0555,2734739.3500,0.9461,0.0157,4.5900,4.1500,4.3615,0.1009,0.0200,True,False,False
135,135,135,2025-07-25,4.5500,4.5200,4.5600,4.5000,2081590.0000,4.5367,4.5460,4.5171,4.4750,4.3775,4.3690,-0.0066,0.0100,-0.1955,2705473.5000,0.7694,0.0157,4.5900,4.1600,4.3775,0.0982,0.0212,True,False,False
136,136,136,2025-07-28,4.5200,4.5100,4.5500,4.4800,2278816.0000,4.5267,4.5380,4.5229,4.4820,4.3935,4.3838,-0.0022,0.0200,0.0947,2711635.6000,0.8404,0.0157,4.5900,4.1600,4.3935,0.0979,0.0207,True,False,False
137,137,137,2025-07-29,4.5000,4.4600,4.5000,4.4100,2962488.0000,4.4967,4.5160,4.5286,4.4920,4.4050,4.3967,-0.0111,0.0200,0.3000,2739147.1500,1.0815,0.0160,4.5900,4.1900,4.4050,0.0908,0.0187,True,False,False
138,138,138,2025-07-30,4.4400,4.4200,4.4700,4.3900,2061220.0000,4.4633,4.4920,4.5100,4.5010,4.4110,4.4057,-0.0090,0.0200,-0.3042,2696303.7000,0.7645,0.0159,4.5900,4.1900,4.4110,0.0907,0.0160,True,False,False
139,139,139,2025-07-31,4.4100,4.3100,4.4200,4.2900,3596338.0000,4.3967,4.4440,4.4729,4.4850,4.4075,4.4062,-0.0249,0.0300,0.7448,2733553.7500,1.3156,0.0164,4.5900,4.1900,4.4075,0.0908,0.0105,True,False,False
140,140,140,2025-08-01,4.3100,4.3400,4.3700,4.2900,2873191.0000,4.3567,4.4080,4.4443,4.4770,4.4095,4.4043,0.0070,0.0200,-0.2011,2773963.1000,1.0358,0.0159,4.5900,4.1900,4.4095,0.0907,0.0073,True,False,False
141,141,141,2025-08-04,4.3200,4.3400,4.3500,4.2900,2145583.0000,4.3300,4.3740,4.4143,4.4560,4.4160,4.4062,0.0000,0.0100,-0.2532,2743250.6500,0.7821,0.0151,4.5900,4.1900,4.4160,0.0906,0.0051,True,False,False
142,142,142,2025-08-05,4.3400,4.3700,4.4800,4.3300,5131058.0000,4.3500,4.3560,4.3929,4.4360,4.4220,4.4138,0.0069,0.0300,1.3915,2887194.1500,1.7772,0.0150,4.5900,4.2200,4.4220,0.0837,0.0039,True,False,False
143,143,143,2025-08-06,4.3800,4.3900,4.4200,4.3500,2505584.0000,4.3667,4.3500,4.3757,4.4210,4.4300,4.4205,0.0046,0.0200,-0.5117,2914251.5500,0.8598,0.0150,4.5900,4.2500,4.4300,0.0767,0.0043,True,False,False
144,144,144,2025-08-07,4.3900,4.3700,4.4300,4.3500,2005569.0000,4.3767,4.3620,4.3629,4.4030,4.4320,4.4271,-0.0046,0.0200,-0.1996,2836254.7500,0.7071,0.0141,4.5900,4.2900,4.4320,0.0677,0.0056,True,False,False
145,145,145,2025-08-08,4.3600,4.3300,4.3600,4.3200,1860096.0000,4.3633,4.3600,4.3500,4.3840,4.4295,4.4271,-0.0092,0.0100,-0.0725,2759403.1500,0.6741,0.0140,4.5900,4.2900,4.4295,0.0677,0.0045,True,False,False
146,146,146,2025-08-11,4.3300,4.4000,4.4100,4.3100,2407217.0000,4.3667,4.3720,4.3629,4.3730,4.4275,4.4281,0.0162,0.0200,0.2941,2749244.2500,0.8756,0.0142,4.5900,4.2900,4.4275,0.0678,0.0026,True,False,False
147,147,147,2025-08-12,4.4000,4.3800,4.4000,4.3500,1652790.0000,4.3700,4.3740,4.3686,4.3650,4.4285,4.4252,-0.0045,0.0100,-0.3134,2707308.3000,0.6105,0.0136,4.5900,4.2900,4.4285,0.0677,0.0015,True,False,False
148,148,148,2025-08-13,4.3700,4.3700,4.3900,4.3500,1860736.0000,4.3833,4.3700,4.3729,4.3600,4.4305,4.4257,-0.0023,0.0100,0.1258,2701806.2000,0.6887,0.0135,4.5900,4.2900,4.4305,0.0677,0.0001,True,False,False
149,149,149,2025-08-14,4.3800,4.3100,4.3900,4.2900,2420243.0000,4.3533,4.3580,4.3643,4.3600,4.4225,4.4248,-0.0137,0.0200,0.3007,2667702.7500,0.9072,0.0116,4.5900,4.2900,4.4225,0.0678,-0.0021,True,False,False
150,150,150,2025-08-15,4.3200,4.4000,4.4100,4.3100,2840588.0000,4.3600,4.3720,4.3657,4.3660,4.4215,4.4214,0.0209,0.0200,0.1737,2661177.0500,1.0674,0.0124,4.5900,4.2900,4.4215,0.0679,-0.0018,True,False,False
151,151,151,2025-08-18,4.4200,4.4700,4.4900,4.4000,3241706.0000,4.3933,4.3860,4.3800,4.3790,4.4175,4.4238,0.0159,0.0200,0.1412,2617479.7000,1.2385,0.0110,4.5900,4.2900,4.4175,0.0679,-0.0023,True,False,False
152,152,152,2025-08-19,4.4600,4.4200,4.4700,4.4100,2308586.0000,4.4300,4.3940,4.3929,4.3840,4.4100,4.4176,-0.0112,0.0100,-0.2878,2563598.2500,0.9005,0.0112,4.5900,4.2900,4.4100,0.0680,-0.0042,True,False,False
153,153,153,2025-08-20,4.4100,4.5200,4.5300,4.4000,3840025.0000,4.4700,4.4240,4.4100,4.3970,4.4090,4.4152,0.0226,0.0300,0.6634,2633036.9500,1.4584,0.0124,4.5600,4.2900,4.4090,0.0612,-0.0049,True,False,False
154,154,154,2025-08-21,4.5200,4.5200,4.5700,4.5000,3272592.0000,4.4867,4.4660,4.4300,4.4120,4.4075,4.4143,0.0000,0.0200,-0.1478,2667300.8000,1.2269,0.0123,4.5700,4.2900,4.4075,0.0635,-0.0034,True,False,False
155,155,155,2025-08-22,4.5100,4.6900,4.6900,4.5000,6322215.0000,4.5767,4.5240,4.4757,4.4480,4.4160,4.4210,0.0376,0.0400,0.9319,2879332.0500,2.1957,0.0148,4.6900,4.2900,4.4160,0.0906,-0.0012,True,False,True
156,156,156,2025-08-25,4.7300,4.6500,4.7700,4.5900,5758808.0000,4.6200,4.5600,4.5243,4.4730,4.4230,4.4271,-0.0085,0.0400,-0.0891,3053331.6500,1.8861,0.0150,4.7700,4.2900,4.4230,0.1085,0.0012,True,False,False
157,157,157,2025-08-26,4.6300,4.6900,4.7100,4.6100,4013868.0000,4.6767,4.6140,4.5657,4.5040,4.4345,4.4357,0.0086,0.0200,-0.3030,3105900.6500,1.2923,0.0148,4.7700,4.2900,4.4345,0.1082,0.0056,True,False,False
158,158,158,2025-08-27,4.6900,4.5700,4.7800,4.5600,6745783.0000,4.6367,4.6240,4.5800,4.5240,4.4420,4.4410,-0.0256,0.0500,0.6806,3340128.8000,2.0196,0.0159,4.7800,4.2900,4.4420,0.1103,0.0075,True,False,False
159,159,159,2025-08-28,4.5700,4.6100,4.6200,4.4900,5086146.0000,4.6233,4.6420,4.6071,4.5540,4.4570,4.4500,0.0088,0.0300,-0.2460,3414619.2000,1.4895,0.0146,4.7800,4.2900,4.4570,0.1099,0.0112,True,False,False
160,160,160,2025-08-29,4.6100,4.5500,4.6300,4.5400,6138816.0000,4.5767,4.6140,4.6114,4.5690,4.4675,4.4614,-0.0130,0.0200,0.2070,3577900.4500,1.7158,0.0151,4.7800,4.2900,4.4675,0.1097,0.0117,True,False,False
161,161,161,2025-09-01,4.5900,4.5000,4.6000,4.4700,5021982.0000,4.5533,4.5840,4.6086,4.5720,4.4755,4.4690,-0.0110,0.0300,-0.1819,3721720.4000,1.3494,0.0154,4.7800,4.2900,4.4755,0.1095,0.0119,True,False,False
162,162,162,2025-09-02,4.4900,4.3200,4.5000,4.2900,6999423.0000,4.4567,4.5100,4.5557,4.5620,4.4730,4.4681,-0.0400,0.0500,0.3938,3815138.6500,1.8346,0.0179,4.7800,4.2900,4.4730,0.1095,0.0087,True,False,False
163,163,163,2025-09-03,4.3400,4.2200,4.3500,4.2100,4763409.0000,4.3467,4.4400,4.4943,4.5320,4.4645,4.4610,-0.0231,0.0300,-0.3195,3928029.9000,1.2127,0.0186,4.7800,4.2100,4.4645,0.1277,0.0051,False,False,False
164,164,164,2025-09-04,4.2400,4.2100,4.3300,4.1600,5541474.0000,4.2500,4.3600,4.4257,4.5010,4.4565,4.4524,-0.0024,0.0400,0.1633,4104825.1500,1.3500,0.0186,4.7800,4.1600,4.4565,0.1391,-0.0001,False,False,False
165,165,165,2025-09-05,4.2100,4.2900,4.2900,4.1800,5049328.0000,4.2400,4.3080,4.3857,4.4610,4.4545,4.4486,0.0190,0.0300,-0.0888,4264286.7500,1.1841,0.0190,4.7800,4.1600,4.4545,0.1392,-0.0029,False,False,False
166,166,166,2025-09-08,4.2900,4.3000,4.3300,4.2500,4404031.0000,4.2667,4.2680,4.3414,4.4260,4.4495,4.4471,0.0023,0.0200,-0.1278,4364127.4500,1.0091,0.0187,4.7800,4.1600,4.4495,0.1393,-0.0058,False,False,False
167,167,167,2025-09-09,4.2900,4.2900,4.3500,4.2700,3590348.0000,4.2933,4.2620,4.3043,4.3860,4.4450,4.4419,-0.0023,0.0200,-0.1848,4461005.3500,0.8048,0.0186,4.7800,4.1600,4.4450,0.1395,-0.0063,False,False,False
168,168,168,2025-09-10,4.2800,4.2800,4.3000,4.2500,2926380.0000,4.2900,4.2740,4.2729,4.3570,4.4405,4.4371,-0.0023,0.0100,-0.1849,4514287.5500,0.6482,0.0186,4.7800,4.1600,4.4405,0.1396,-0.0054,False,False,False
169,169,169,2025-09-11,4.2700,4.3400,4.3500,4.2500,4057500.0000,4.3033,4.3000,4.2757,4.3300,4.4420,4.4357,0.0140,0.0200,0.3865,4596150.4000,0.8828,0.0187,4.7800,4.1600,4.4420,0.1396,-0.0033,False,False,False
170,170,170,2025-09-12,4.3400,4.3200,4.3600,4.2900,3910141.0000,4.3133,4.3060,4.2900,4.3070,4.4380,4.4362,-0.0046,0.0200,-0.0363,4649628.0500,0.8410,0.0181,4.7800,4.1600,4.4380,0.1397,-0.0037,False,False,False
171,171,171,2025-09-15,4.3400,4.3300,4.3600,4.2800,4136653.0000,4.3300,4.3120,4.3071,4.2900,4.4310,4.4329,0.0023,0.0200,0.0579,4694375.4000,0.8812,0.0177,4.7800,4.1600,4.4310,0.1399,-0.0042,False,False,False
172,172,172,2025-09-16,4.3300,4.2700,4.3400,4.2400,4510497.0000,4.3067,4.3080,4.3043,4.2850,4.4235,4.4233,-0.0139,0.0200,0.0904,4804470.9500,0.9388,0.0177,4.7800,4.1600,4.4235,0.1402,-0.0048,False,False,False
173,173,173,2025-09-17,4.2500,4.2800,4.3100,4.2400,3395466.0000,4.2933,4.3080,4.3014,4.2910,4.4115,4.4167,0.0023,0.0200,-0.2472,4782243.0000,0.7100,0.0168,4.7800,4.1600,4.4115,0.1405,-0.0065,False,False,False
174,174,174,2025-09-18,4.2900,4.3300,4.4700,4.2600,7593696.0000,4.2933,4.3060,4.3071,4.3030,4.4020,4.4076,0.0117,0.0500,1.2364,4998298.2000,1.5193,0.0171,4.7800,4.1600,4.4020,0.1408,-0.0090,False,False,False
175,175,175,2025-09-19,4.3300,4.3100,4.3600,4.2800,3437792.0000,4.3067,4.3040,4.3114,4.3050,4.3830,4.3976,-0.0046,0.0200,-0.5473,4854077.0500,0.7082,0.0144,4.7800,4.1600,4.3830,0.1415,-0.0124,False,False,False
176,176,176,2025-09-22,4.3100,4.2800,4.3300,4.2400,2890425.0000,4.3067,4.2940,4.3029,4.3030,4.3645,4.3781,-0.0070,0.0200,-0.1592,4710657.9000,0.6136,0.0144,4.7800,4.1600,4.3645,0.1421,-0.0150,False,False,False
177,177,177,2025-09-23,4.2700,4.2300,4.2900,4.1300,3943811.0000,4.2733,4.2860,4.2900,4.2970,4.3415,4.3581,-0.0117,0.0400,0.3644,4707155.0500,0.8378,0.0141,4.7800,4.1300,4.3415,0.1497,-0.0185,False,False,False
178,178,178,2025-09-24,4.2100,4.3500,4.3500,4.1900,4927141.0000,4.2867,4.3000,4.2929,4.3040,4.3305,4.3419,0.0284,0.0400,0.2493,4616222.9500,1.0674,0.0151,4.6300,4.1300,4.3305,0.1155,-0.0184,True,False,False
179,179,179,2025-09-25,4.3400,4.3800,4.4000,4.3100,3846644.0000,4.3200,4.3100,4.3086,4.3080,4.3190,4.3329,0.0069,0.0200,-0.2193,4554247.8500,0.8446,0.0151,4.6300,4.1300,4.3190,0.1158,-0.0189,True,False,False
180,180,180,2025-09-26,4.3600,4.2600,4.3600,4.2400,3845354.0000,4.3300,4.3000,4.3057,4.3020,4.3045,4.3162,-0.0274,0.0300,-0.0003,4439574.7500,0.8662,0.0159,4.6000,4.1300,4.3045,0.1092,-0.0179,True,False,False
181,181,181,2025-09-29,4.2500,4.2400,4.2600,4.1700,4569177.0000,4.2933,4.2920,4.2929,4.2930,4.2915,4.3014,-0.0047,0.0200,0.1882,4416934.5000,1.0345,0.0158,4.5000,4.1300,4.2915,0.0862,-0.0167,True,False,False
182,182,182,2025-09-30,4.2300,4.2200,4.2800,4.2100,3636772.0000,4.2400,4.2900,4.2800,4.2880,4.2865,4.2881,-0.0047,0.0200,-0.2041,4248801.9500,0.8560,0.0132,4.4700,4.1300,4.2865,0.0793,-0.0127,True,False,False
183,183,183,2025-10-09,4.2400,4.4200,4.5000,4.2300,9288335.0000,4.2933,4.3040,4.3000,4.3020,4.2965,4.2929,0.0474,0.0600,1.5540,4475048.2500,2.0756,0.0161,4.5000,4.1300,4.2965,0.0861,-0.0079,True,False,True
184,184,184,2025-10-10,4.4000,4.2700,4.4000,4.2500,6147649.0000,4.3033,4.2820,4.3057,4.2960,4.2995,4.2952,-0.0339,0.0300,-0.3381,4505357.0000,1.3645,0.0180,4.5000,4.1300,4.2995,0.0861,-0.0045,True,False,False
185,185,185,2025-10-13,4.1600,4.2000,4.2100,4.1200,6076194.0000,4.2967,4.2700,4.2843,4.2850,4.2950,4.2948,-0.0164,0.0200,-0.0116,4556700.3000,1.3335,0.0179,4.5000,4.1200,4.2950,0.0885,-0.0022,True,False,False
186,186,186,2025-10-14,4.2000,4.1400,4.2800,4.1300,5946422.0000,4.2033,4.2500,4.2500,4.2710,4.2870,4.2876,-0.0143,0.0400,-0.0214,4633819.8500,1.2833,0.0181,4.5000,4.1200,4.2870,0.0886,-0.0010,True,False,False
187,187,187,2025-10-15,4.1400,4.1500,4.1600,4.1000,4282833.0000,4.1633,4.2360,4.2343,4.2630,4.2800,4.2805,0.0024,0.0100,-0.2798,4668444.1000,0.9174,0.0181,4.5000,4.1000,4.2800,0.0935,-0.0015,True,False,False
188,188,188,2025-10-16,4.1400,4.1100,4.1500,4.1000,2903408.0000,4.1333,4.1740,4.2157,4.2390,4.2715,4.2719,-0.0096,0.0100,-0.3221,4667295.5000,0.6221,0.0182,4.5000,4.1000,4.2715,0.0936,-0.0058,True,False,False
189,189,189,2025-10-17,4.1100,4.0200,4.1200,4.0100,4102483.0000,4.0933,4.1240,4.1871,4.2030,4.2555,4.2595,-0.0219,0.0300,0.4130,4669544.6500,0.8786,0.0183,4.5000,4.0100,4.2555,0.1151,-0.0102,True,False,False
190,190,190,2025-10-20,4.0500,4.0300,4.0700,4.0100,2154610.0000,4.0533,4.0900,4.1314,4.1800,4.2410,4.2448,0.0025,0.0100,-0.4748,4581768.1000,0.4703,0.0184,4.5000,4.0100,4.2410,0.1155,-0.0126,True,False,False
191,191,191,2025-10-21,4.0400,4.0700,4.0800,4.0200,2345345.0000,4.0400,4.0760,4.1029,4.1630,4.2280,4.2329,0.0099,0.0100,0.0885,4492202.7000,0.5221,0.0186,4.5000,4.0100,4.2280,0.1159,-0.0138,True,False,False
192,192,192,2025-10-22,4.0700,4.0600,4.0900,4.0400,2167708.0000,4.0533,4.0580,4.0829,4.1470,4.2175,4.2200,-0.0025,0.0100,-0.0757,4375063.2500,0.4955,0.0184,4.5000,4.0100,4.2175,0.1162,-0.0146,True,False,False
193,193,193,2025-10-23,4.0500,4.1000,4.1100,4.0200,2869857.0000,4.0767,4.0560,4.0771,4.1150,4.2085,4.2119,0.0099,0.0200,0.3239,4348782.8000,0.6599,0.0186,4.5000,4.0100,4.2085,0.1164,-0.0147,True,False,False
194,194,194,2025-10-24,4.1000,4.0900,4.1300,4.0800,2260714.0000,4.0833,4.0700,4.0686,4.0970,4.1965,4.2029,-0.0024,0.0100,-0.2123,4082133.7000,0.5538,0.0183,4.5000,4.0100,4.1965,0.1168,-0.0139,True,False,False
195,195,195,2025-10-27,4.1100,4.1100,4.1300,4.0900,2965202.0000,4.1000,4.0860,4.0686,4.0880,4.1865,4.1924,0.0049,0.0100,0.3116,4058504.2000,0.7306,0.0184,4.5000,4.0100,4.1865,0.1170,-0.0129,True,False,False
196,196,196,2025-10-28,4.1100,4.1100,4.1300,4.0900,2138371.0000,4.1033,4.0940,4.0814,4.0850,4.1780,4.1829,0.0000,0.0100,-0.2788,4020901.5000,0.5318,0.0184,4.5000,4.0100,4.1780,0.1173,-0.0118,True,False,False
197,197,197,2025-10-29,4.1000,4.1700,4.1800,4.0700,4278833.0000,4.1300,4.1160,4.1014,4.0870,4.1750,4.1776,0.0146,0.0300,1.0010,4037652.6000,1.0597,0.0186,4.5000,4.0100,4.1750,0.1174,-0.0101,True,False,False
198,198,198,2025-10-30,4.1600,4.2000,4.2800,4.1400,5808335.0000,4.1600,4.1360,4.1200,4.0960,4.1675,4.1762,0.0072,0.0300,0.3575,4081712.3000,1.4230,0.0174,4.5000,4.0100,4.1675,0.1176,-0.0097,True,False,False
199,199,199,2025-10-31,4.2700,4.2200,4.3000,4.2200,5003122.0000,4.1967,4.1620,4.1429,4.1160,4.1595,4.1700,0.0048,0.0200,-0.1386,4139536.2000,1.2086,0.0173,4.5000,4.0100,4.1595,0.1178,-0.0088,True,False,False
200,200,200,2025-11-03,4.2400,4.2500,4.2600,4.1900,3830856.0000,4.2233,4.1900,4.1643,4.1380,4.1590,4.1638,0.0071,0.0200,-0.2343,4138811.3000,0.9256,0.0163,4.5000,4.0100,4.1590,0.1178,-0.0066,True,False,False
201,201,201,2025-11-04,4.2400,4.1600,4.2500,4.1500,2942807.0000,4.2100,4.2000,4.1743,4.1470,4.1550,4.1590,-0.0212,0.0200,-0.2318,4057492.8000,0.7253,0.0170,4.5000,4.0100,4.1550,0.1179,-0.0055,True,False,False
202,202,202,2025-11-05,4.1300,4.2000,4.2300,4.1100,2878138.0000,4.2033,4.2060,4.1871,4.1610,4.1540,4.1571,0.0096,0.0300,-0.0220,4019561.1000,0.7160,0.0171,4.5000,4.0100,4.1540,0.1180,-0.0050,True,False,False
203,203,203,2025-11-06,4.2000,4.2000,4.2100,4.1700,2668329.0000,4.1867,4.2060,4.2000,4.1710,4.1430,4.1562,0.0000,0.0100,-0.0729,3688560.8000,0.7234,0.0130,4.4000,4.0100,4.1430,0.0941,-0.0059,True,False,False
204,204,204,2025-11-07,4.1800,4.2100,4.2500,4.1500,3897178.0000,4.2033,4.2040,4.2057,4.1830,4.1400,4.1462,0.0024,0.0200,0.4605,3576037.2500,1.0898,0.0107,4.3000,4.0100,4.1400,0.0700,-0.0047,True,False,False
205,205,205,2025-11-10,4.2100,4.3400,4.3600,4.1900,7418654.0000,4.2500,4.2220,4.2257,4.2060,4.1470,4.1495,0.0309,0.0400,0.9036,3643160.2500,2.0363,0.0121,4.3600,4.0100,4.1470,0.0844,-0.0029,True,False,True
206,206,206,2025-11-11,4.3400,4.3100,4.3800,4.3100,3623029.0000,4.2867,4.2520,4.2386,4.2260,4.1555,4.1548,-0.0069,0.0200,-0.5116,3526990.6000,1.0272,0.0117,4.3800,4.0100,4.1555,0.0890,0.0001,True,False,False
207,207,207,2025-11-12,4.3300,4.3000,4.3500,4.2500,3387725.0000,4.3167,4.2720,4.2457,4.2390,4.1630,4.1624,-0.0023,0.0200,-0.0649,3482235.2000,0.9729,0.0118,4.3800,4.0100,4.1630,0.0889,0.0022,True,False,False
208,208,208,2025-11-13,4.3200,4.3300,4.3700,4.2900,3159783.0000,4.3133,4.2980,4.2700,4.2520,4.1740,4.1710,0.0070,0.0200,-0.0673,3495053.9500,0.9041,0.0115,4.3800,4.0100,4.1740,0.0886,0.0075,True,False,False
209,209,209,2025-11-14,4.3100,4.2700,4.3500,4.2700,2884633.0000,4.3000,4.3100,4.2800,4.2570,4.1865,4.1786,-0.0139,0.0200,-0.0871,3434161.4500,0.8400,0.0107,4.3800,4.0100,4.1865,0.0884,0.0112,True,False,False
210,210,210,2025-11-17,4.2700,4.2200,4.3100,4.2000,2921990.0000,4.2733,4.2860,4.2829,4.2540,4.1960,4.1881,-0.0117,0.0300,0.0130,3472530.4500,0.8415,0.0112,4.3800,4.0200,4.1960,0.0858,0.0118,True,False,False
211,211,211,2025-11-18,4.2100,4.1500,4.2300,4.1300,2973839.0000,4.2133,4.2540,4.2743,4.2530,4.2000,4.1938,-0.0166,0.0200,0.0177,3503955.1500,0.8487,0.0118,4.3800,4.0200,4.2000,0.0857,0.0107,True,False,False
212,212,212,2025-11-19,4.1500,4.1000,4.1600,4.0700,2596347.0000,4.1567,4.2140,4.2400,4.2430,4.2020,4.1952,-0.0120,0.0200,-0.1269,3525387.1000,0.7365,0.0122,4.3800,4.0200,4.2020,0.0857,0.0094,True,False,False
213,213,213,2025-11-20,4.1100,4.0700,4.1400,4.0700,2315151.0000,4.1067,4.1620,4.2057,4.2300,4.2005,4.1957,-0.0073,0.0200,-0.1083,3497651.8000,0.6619,0.0121,4.3800,4.0700,4.2005,0.0738,0.0063,True,False,False
214,214,214,2025-11-21,4.0400,3.9600,4.0500,3.9600,3728474.0000,4.0433,4.1000,4.1571,4.2050,4.1940,4.1890,-0.0270,0.0200,0.6105,3571039.8000,1.0441,0.0135,4.3800,3.9600,4.1940,0.1001,0.0018,True,False,False
215,215,215,2025-11-24,3.9800,3.9800,4.0000,3.9500,2295740.0000,4.0033,4.0520,4.1071,4.1690,4.1875,4.1838,0.0051,0.0100,-0.3843,3537566.7000,0.6490,0.0135,4.3800,3.9500,4.1875,0.1027,-0.0020,True,False,False
216,216,216,2025-11-25,4.0000,4.0000,4.0300,3.9900,1788296.0000,3.9800,4.0220,4.0686,4.1380,4.1820,4.1786,0.0050,0.0100,-0.2210,3520062.9500,0.5080,0.0136,4.3800,3.9500,4.1820,0.1028,-0.0043,True,False,False
217,217,217,2025-11-26,4.0000,3.9900,4.0200,3.9800,1640772.0000,3.9900,4.0000,4.0357,4.1070,4.1730,4.1729,-0.0025,0.0100,-0.0825,3388159.9000,0.4843,0.0130,4.3800,3.9500,4.1730,0.1030,-0.0069,True,False,False
218,218,218,2025-11-27,3.9900,3.9800,4.0100,3.9700,1400706.0000,3.9900,3.9820,4.0114,4.0720,4.1620,4.1638,-0.0025,0.0100,-0.1463,3167778.4500,0.4422,0.0128,4.3800,3.9500,4.1620,0.1033,-0.0092,True,False,False
219,219,219,2025-11-28,3.9800,4.0000,4.0000,3.9600,1296118.0000,3.9900,3.9900,3.9971,4.0450,4.1510,4.1543,0.0050,0.0100,-0.0747,2982428.2500,0.4346,0.0129,4.3800,3.9500,4.1510,0.1036,-0.0103,True,False,False
220,220,220,2025-12-01,3.9900,4.1100,4.1100,3.9800,3288092.0000,4.0300,4.0160,4.0029,4.0340,4.1440,4.1490,0.0275,0.0300,1.5369,2955290.0500,1.1126,0.0144,4.3800,3.9500,4.1440,0.1038,-0.0104,True,False,False
221,221,221,2025-12-02,4.1000,4.0800,4.1200,4.0500,1921661.0000,4.0633,4.0320,4.0200,4.0270,4.1400,4.1410,-0.0073,0.0200,-0.4156,2904232.7500,0.6617,0.0137,4.3800,3.9500,4.1400,0.1039,-0.0100,True,False,False
222,222,222,2025-12-03,4.0900,4.2500,4.3100,4.0800,7106197.0000,4.1467,4.0840,4.0586,4.0420,4.1425,4.1452,0.0417,0.0600,2.6979,3115635.7000,2.2808,0.0166,4.3800,3.9500,4.1425,0.1038,-0.0073,True,False,True
223,223,223,2025-12-04,4.2200,4.2700,4.2800,4.2100,3919828.0000,4.2000,4.1420,4.0971,4.0620,4.1460,4.1486,0.0047,0.0200,-0.4484,3178210.6500,1.2333,0.0166,4.3800,3.9500,4.1460,0.1037,-0.0038,True,False,False
224,224,224,2025-12-05,4.2600,4.4600,4.4700,4.2500,8096991.0000,4.3267,4.2340,4.1643,4.1120,4.1585,4.1610,0.0445,0.0500,1.0656,3388201.3000,2.3898,0.0192,4.4700,3.9500,4.1585,0.1250,0.0018,False,False,True
225,225,225,2025-12-08,4.4400,4.3900,4.5000,4.3800,5143370.0000,4.3733,4.2900,4.2229,4.1530,4.1610,4.1695,-0.0157,0.0300,-0.3648,3274437.1000,1.5708,0.0185,4.5000,3.9500,4.1610,0.1322,0.0041,False,False,False
226,226,226,2025-12-09,4.3900,4.3800,4.4300,4.3400,3440252.0000,4.4100,4.3500,4.2771,4.1910,4.1645,4.1714,-0.0023,0.0200,-0.3311,3265298.2500,1.0536,0.0184,4.5000,3.9500,4.1645,0.1321,0.0059,False,False,False
227,227,227,2025-12-10,4.3600,4.4000,4.4500,4.3300,3080083.0000,4.3900,4.3800,4.3186,4.2320,4.1695,4.1757,0.0046,0.0300,-0.1047,3249916.1500,0.9477,0.0184,4.5000,3.9500,4.1695,0.1319,0.0065,False,False,False
228,228,228,2025-12-11,4.3900,4.3400,4.4200,4.3300,2795088.0000,4.3733,4.3940,4.3557,4.2680,4.1700,4.1776,-0.0136,0.0200,-0.0925,3231681.4000,0.8649,0.0187,4.5000,3.9500,4.1700,0.1319,0.0058,False,False,False
229,229,229,2025-12-12,4.3500,4.4100,4.4500,4.3300,4154777.0000,4.3833,4.3840,4.3786,4.3090,4.1770,4.1814,0.0161,0.0300,0.4865,3295188.6000,1.2609,0.0187,4.5000,3.9500,4.1770,0.1317,0.0044,False,False,False
230,230,230,2025-12-15,4.3900,4.4200,4.4900,4.3800,3258158.0000,4.3900,4.3900,4.4000,4.3400,4.1870,4.1886,0.0023,0.0200,-0.2158,3311997.0000,0.9837,0.0184,4.5000,3.9500,4.1870,0.1314,0.0062,False,False,False
231,231,231,2025-12-16,4.4300,4.4700,4.5000,4.3900,5185946.0000,4.4333,4.4080,4.4014,4.3790,4.2030,4.2005,0.0113,0.0200,0.5917,3422602.3500,1.5152,0.0179,4.5000,3.9500,4.2030,0.1309,0.0092,False,False,False
232,232,232,2025-12-17,4.4600,4.5800,4.5900,4.4500,5094985.0000,4.4900,4.4440,4.4286,4.4120,4.2270,4.2210,0.0246,0.0300,-0.0175,3547534.2500,1.4362,0.0181,4.5900,3.9500,4.2270,0.1514,0.0138,False,False,False
233,233,233,2025-12-18,4.5500,4.5000,4.5700,4.4600,3635578.0000,4.5167,4.4760,4.4457,4.4350,4.2485,4.2400,-0.0175,0.0200,-0.2864,3613555.6000,1.0061,0.0186,4.5900,3.9500,4.2485,0.1506,0.0188,False,False,False
234,234,234,2025-12-19,4.5000,4.5000,4.5600,4.4400,3248054.0000,4.5267,4.4940,4.4600,4.4390,4.2755,4.2605,0.0000,0.0300,-0.1066,3589534.6000,0.9049,0.0171,4.5900,3.9500,4.2755,0.1497,0.0236,False,False,False
235,235,235,2025-12-22,4.4900,4.4000,4.5000,4.3700,3736458.0000,4.4667,4.4900,4.4686,4.4400,4.2965,4.2814,-0.0222,0.0300,0.1504,3661570.5000,1.0205,0.0183,4.5900,3.9600,4.2965,0.1466,0.0262,False,False,False
236,236,236,2025-12-23,4.4000,4.4000,4.4600,4.3800,2621519.0000,4.4333,4.4760,4.4671,4.4420,4.3165,4.3014,0.0000,0.0200,-0.2984,3703231.6500,0.7079,0.0183,4.5900,3.9600,4.3165,0.1460,0.0270,False,False,False
237,237,237,2025-12-24,4.3900,4.4400,4.4400,4.3500,2558145.0000,4.4133,4.4480,4.4700,4.4460,4.3390,4.3224,0.0091,0.0200,-0.0242,3749100.3000,0.6823,0.0182,4.5900,3.9600,4.3390,0.1452,0.0265,False,False,False
238,238,238,2025-12-25,4.4300,4.3800,4.4400,4.3700,1927381.0000,4.4067,4.4240,4.4571,4.4500,4.3590,4.3410,-0.0135,0.0200,-0.2466,3775434.0500,0.5105,0.0186,4.5900,3.9600,4.3590,0.1445,0.0260,False,False,False
239,239,239,2025-12-26,4.3700,4.3500,4.3900,4.3000,3016760.0000,4.3900,4.3940,4.4243,4.4440,4.3765,4.3586,-0.0068,0.0200,0.5652,3861466.1500,0.7812,0.0188,4.5900,3.9800,4.3765,0.1394,0.0236,False,False,False
240,240,240,2025-12-29,4.3600,4.4000,4.4800,4.3400,4238399.0000,4.3767,4.3940,4.4100,4.4420,4.3910,4.3776,0.0115,0.0300,0.4050,3908981.5000,1.0843,0.0181,4.5900,4.0500,4.3910,0.1230,0.0220,False,False,False
241,241,241,2025-12-30,4.3700,4.4500,4.5000,4.3600,3907251.0000,4.4000,4.4040,4.4029,4.4400,4.4095,4.3938,0.0114,0.0300,-0.0781,4008261.0000,0.9748,0.0180,4.5900,4.0800,4.4095,0.1157,0.0215,True,False,False
242,242,242,2025-12-31,4.4500,4.4500,4.4900,4.3900,2805074.0000,4.4333,4.4060,4.4100,4.4270,4.4195,4.4114,0.0000,0.0200,-0.2821,3793204.8500,0.7395,0.0158,4.5900,4.2100,4.4195,0.0860,0.0186,True,False,False
