,date,open,close,high,low,amount
0,2025-01-02,7.97,7.82,8.14,7.72,1146436.0
1,2025-01-03,7.82,7.63,7.89,7.61,1169715.0
2,2025-01-06,7.6,7.39,7.69,7.31,1094351.0
3,2025-01-07,7.44,7.64,7.69,7.42,1234484.0
4,2025-01-08,7.58,7.49,7.58,7.23,1265136.0
5,2025-01-09,7.45,7.6,7.68,7.41,1075737.0
6,2025-01-10,7.55,7.48,7.73,7.48,1459540.0
7,2025-01-13,7.3,7.48,7.62,7.26,812665.0
8,2025-01-14,7.48,8.11,8.2,7.48,2160683.0
9,2025-01-15,8.13,8.05,8.24,7.99,1734536.0
10,2025-01-16,8.15,8.06,8.18,7.93,1321247.0
11,2025-01-17,7.95,8.02,8.1,7.94,816751.0
12,2025-01-20,8.1,8.29,8.5,8.1,1950006.0
13,2025-01-21,8.35,8.5,8.54,8.22,1714712.0
14,2025-01-22,8.45,8.48,8.65,8.4,1500071.0
15,2025-01-23,8.6,8.32,8.63,8.3,1424383.0
16,2025-01-24,8.3,8.77,8.85,8.21,2606768.0
17,2025-01-27,8.77,8.51,8.77,8.48,1267375.0
18,2025-02-05,8.79,8.88,9.05,8.7,2571798.0
19,2025-02-06,8.95,9.77,9.77,8.91,2813985.0
20,2025-02-07,10.02,10.16,10.5,9.92,7241520.0
21,2025-02-10,10.19,9.8,10.22,9.68,4848955.0
22,2025-02-11,9.76,9.79,9.94,9.7,2885994.0
23,2025-02-12,9.98,9.91,10.06,9.71,3290051.0
24,2025-02-13,9.88,9.61,9.98,9.57,3139362.0
25,2025-02-14,9.63,9.79,10.12,9.63,3465186.0
26,2025-02-17,9.79,9.95,10.02,9.7,3100290.0
27,2025-02-18,9.89,9.48,10.1,9.4,3052246.0
28,2025-02-19,9.48,9.99,10.04,9.46,3528516.0
29,2025-02-20,10.06,10.6,10.93,9.93,6000160.0
30,2025-02-21,10.59,10.68,11.49,10.5,7311627.0
31,2025-02-24,10.63,10.45,10.95,10.33,3487618.0
32,2025-02-25,10.27,10.41,10.8,10.18,3331994.0
33,2025-02-26,10.42,10.78,11.19,10.3,4313917.0
34,2025-02-27,10.68,10.43,10.84,10.2,3146085.0
35,2025-02-28,10.35,9.72,10.39,9.67,2588988.0
36,2025-03-03,9.84,9.58,9.9,9.45,1708491.0
37,2025-03-04,9.46,9.85,9.98,9.43,1907952.0
38,2025-03-05,9.82,9.89,9.91,9.75,1337808.0
39,2025-03-06,9.96,10.1,10.28,9.91,1885077.0
40,2025-03-07,10.06,10.09,10.37,9.99,1874472.0
41,2025-03-10,10.28,10.1,10.45,10.01,1673761.0
42,2025-03-11,9.9,9.98,10.12,9.81,1324389.0
43,2025-03-12,10.05,10.1,10.25,9.85,1808574.0
44,2025-03-13,10.0,9.64,10.05,9.46,2332502.0
45,2025-03-14,9.55,9.77,9.84,9.47,1339067.0
46,2025-03-17,9.81,9.78,9.85,9.69,1024291.0
47,2025-03-18,9.78,9.85,9.97,9.73,1006508.0
48,2025-03-19,9.77,9.73,9.84,9.62,978582.0
49,2025-03-20,9.7,9.61,9.76,9.6,859489.0
50,2025-03-21,9.5,9.13,9.55,9.1,1706057.0
51,2025-03-24,9.12,9.18,9.33,8.94,1297438.0
52,2025-03-25,9.19,9.03,9.21,8.97,848767.0
53,2025-03-26,9.02,9.16,9.19,8.98,809716.0
54,2025-03-27,9.08,9.15,9.26,8.98,815944.0
55,2025-03-28,9.13,9.16,9.21,9.09,604936.0
56,2025-03-31,9.08,9.05,9.1,8.91,886303.0
57,2025-04-01,9.14,9.04,9.23,9.03,754137.0
58,2025-04-02,9.0,9.1,9.19,8.98,611668.0
59,2025-04-03,8.92,8.44,8.96,8.35,2006400.0
60,2025-04-07,7.6,7.6,7.64,7.6,380985.0
61,2025-04-08,6.85,6.84,7.06,6.84,1992583.0
62,2025-04-09,6.46,6.74,6.87,6.16,4141963.0
63,2025-04-10,7.2,7.06,7.34,7.02,3080860.0
64,2025-04-11,6.83,7.26,7.36,6.83,2279840.0
65,2025-04-14,7.53,7.34,7.65,7.28,2751437.0
66,2025-04-15,7.37,7.21,7.37,7.12,1512139.0
67,2025-04-16,7.13,7.04,7.17,6.96,1253191.0
68,2025-04-17,6.99,7.03,7.12,6.96,868050.0
69,2025-04-18,7.02,7.17,7.18,7.0,970366.0
70,2025-04-21,7.27,7.57,7.79,7.17,2128835.0
71,2025-04-22,7.57,7.43,7.6,7.42,1197931.0
72,2025-04-23,7.65,7.78,7.92,7.6,2380297.0
73,2025-04-24,7.79,7.69,7.84,7.63,1175025.0
74,2025-04-25,7.68,7.7,7.86,7.67,1161807.0
75,2025-04-28,7.65,7.61,7.69,7.58,712499.0
76,2025-04-29,7.65,7.74,7.78,7.57,788631.0
77,2025-04-30,7.78,7.98,8.05,7.75,1504540.0
78,2025-05-06,8.11,8.2,8.21,8.05,1386913.0
79,2025-05-07,8.41,8.15,8.45,8.06,1311726.0
80,2025-05-08,8.14,8.3,8.33,8.1,1104221.0
81,2025-05-09,8.3,8.13,8.3,8.06,917724.0
82,2025-05-12,8.38,8.49,8.5,8.3,1595750.0
83,2025-05-13,8.67,8.48,8.76,8.45,1755090.0
84,2025-05-14,8.42,8.45,8.52,8.34,1013905.0
85,2025-05-15,8.44,8.26,8.44,8.23,866271.0
86,2025-05-16,8.23,8.3,8.37,8.21,665620.0
87,2025-05-19,8.3,8.28,8.37,8.12,705019.0
88,2025-05-20,8.27,8.35,8.35,8.18,671301.0
89,2025-05-21,8.36,8.36,8.4,8.28,833944.0
90,2025-05-22,8.32,8.22,8.38,8.2,726551.0
91,2025-05-23,8.18,8.1,8.33,8.09,727641.0
92,2025-05-26,8.0,8.11,8.13,7.92,704529.0
93,2025-05-27,8.07,7.98,8.11,7.95,587720.0
94,2025-05-28,7.98,8.0,8.06,7.95,431429.0
95,2025-05-29,8.1,8.23,8.26,8.1,849223.0
96,2025-05-30,8.11,8.06,8.14,7.99,777109.0
97,2025-06-03,8.04,8.07,8.22,7.98,1005337.0
98,2025-06-04,8.07,8.2,8.26,8.07,871415.0
99,2025-06-05,8.23,8.51,8.54,8.18,1491415.0
100,2025-06-06,8.51,8.42,8.52,8.39,711058.0
101,2025-06-09,8.43,8.48,8.5,8.42,661367.0
102,2025-06-10,8.49,8.36,8.5,8.25,841899.0
103,2025-06-11,8.36,8.41,8.55,8.36,724829.0
104,2025-06-12,8.38,8.38,8.49,8.34,773797.0
105,2025-06-13,8.32,8.19,8.37,8.11,1887144.0
106,2025-06-16,8.11,8.2,8.27,8.1,726451.0
107,2025-06-17,8.19,8.2,8.32,8.16,689690.0
108,2025-06-18,8.2,8.51,8.55,8.13,1657174.0
109,2025-06-19,8.52,8.38,8.58,8.33,899891.0
110,2025-06-20,8.36,8.2,8.42,8.2,725613.0
111,2025-06-23,8.13,8.24,8.26,8.1,555216.0
112,2025-06-24,8.29,8.44,8.45,8.25,914395.0
113,2025-06-25,8.42,8.53,8.54,8.4,1049557.0
114,2025-06-26,8.58,8.37,8.62,8.36,952039.0
115,2025-06-27,8.52,8.51,8.59,8.4,1125934.0
116,2025-06-30,8.55,8.59,8.63,8.52,912144.0
117,2025-07-01,8.59,8.87,8.96,8.45,1930570.0
118,2025-07-02,8.86,8.74,8.86,8.71,1233893.0
119,2025-07-03,8.75,9.33,9.49,8.74,3047991.0
120,2025-07-04,9.24,9.2,9.27,9.07,1938081.0
121,2025-07-07,9.1,8.9,9.13,8.86,1307978.0
122,2025-07-08,8.89,8.98,9.07,8.87,1104123.0
123,2025-07-09,9.05,8.92,9.27,8.89,1215412.0
124,2025-07-10,8.89,8.85,8.94,8.77,829757.0
125,2025-07-11,8.84,8.87,8.92,8.74,814684.0
126,2025-07-14,8.86,8.88,8.95,8.82,663174.0
127,2025-07-15,8.85,9.05,9.08,8.83,1315776.0
128,2025-07-16,9.01,9.08,9.16,8.93,969017.0
129,2025-07-17,9.05,9.35,9.39,9.0,1825369.0
130,2025-07-18,9.35,9.17,9.37,9.11,1259169.0
131,2025-07-21,9.16,9.19,9.22,9.1,760086.0
132,2025-07-22,9.19,9.08,9.19,9.02,943300.0
133,2025-07-23,9.03,8.99,9.09,8.98,740656.0
134,2025-07-24,9.01,9.08,9.08,9.0,768317.0
135,2025-07-25,9.08,9.17,9.19,9.05,912979.0
136,2025-07-28,9.22,9.17,9.25,9.11,757892.0
137,2025-07-29,9.11,9.17,9.17,8.98,901139.0
138,2025-07-30,9.12,8.98,9.13,8.93,853441.0
139,2025-07-31,8.91,9.01,9.23,8.89,1248025.0
140,2025-08-01,8.98,9.18,9.38,8.9,1774542.0
141,2025-08-04,9.18,9.15,9.2,9.02,972616.0
142,2025-08-05,9.19,9.33,9.35,9.16,1565708.0
143,2025-08-06,9.38,9.67,9.76,9.23,2738585.0
144,2025-08-07,9.8,9.59,10.05,9.57,2581479.0
145,2025-08-08,9.5,9.48,9.65,9.45,1303425.0
146,2025-08-11,9.58,9.89,9.92,9.58,2115232.0
147,2025-08-12,9.97,10.01,10.25,9.83,2486655.0
148,2025-08-13,10.01,10.03,10.08,9.86,1801905.0
149,2025-08-14,10.03,10.0,10.18,9.8,2093809.0
150,2025-08-15,9.97,10.12,10.24,9.91,1631296.0
151,2025-08-18,10.45,11.13,11.13,10.3,4287785.0
152,2025-08-19,11.4,12.24,12.24,11.28,6234617.0
153,2025-08-20,12.66,13.1,13.3,12.01,7022882.0
154,2025-08-21,13.1,12.16,13.15,12.0,6458948.0
155,2025-08-22,12.01,12.33,12.38,11.96,4568979.0
156,2025-08-25,12.42,13.56,13.56,12.19,6885410.0
157,2025-08-26,14.01,14.92,14.92,13.88,5751652.0
158,2025-08-27,15.53,14.78,16.08,14.68,9617041.0
159,2025-08-28,14.45,16.26,16.26,14.44,7875027.0
160,2025-08-29,16.26,15.54,16.26,15.26,6420704.0
161,2025-09-01,15.78,15.67,16.05,15.13,4793258.0
162,2025-09-02,15.36,14.4,15.36,14.29,5278127.0
163,2025-09-03,14.41,13.92,14.65,13.78,4250854.0
164,2025-09-04,14.1,13.61,14.4,13.2,4174080.0
165,2025-09-05,13.6,14.0,14.08,13.27,3358826.0
166,2025-09-08,14.01,14.12,14.4,13.81,3156300.0
167,2025-09-09,14.01,13.75,14.3,13.65,2751756.0
168,2025-09-10,13.74,13.7,14.05,13.56,2308118.0
169,2025-09-11,13.57,14.54,14.88,13.38,5086302.0
170,2025-09-12,14.38,14.35,14.81,14.21,3794029.0
171,2025-09-15,14.4,14.67,14.88,14.15,3900424.0
172,2025-09-16,14.5,15.35,15.36,14.36,4731240.0
173,2025-09-17,15.34,14.98,15.34,14.88,3649814.0
174,2025-09-18,14.9,14.49,15.25,14.04,4254332.0
175,2025-09-19,14.3,14.03,14.47,13.94,2823439.0
176,2025-09-22,14.42,15.31,15.43,14.33,6843560.0
177,2025-09-23,15.16,15.19,15.35,14.7,4897672.0
178,2025-09-24,15.1,15.63,15.72,14.76,4760457.0
179,2025-09-25,15.63,15.92,16.43,15.18,5555029.0
180,2025-09-26,15.64,14.71,15.87,14.7,3996267.0
181,2025-09-29,15.02,16.18,16.18,15.02,5893458.0
182,2025-09-30,16.58,16.31,16.85,16.1,6406972.0
183,2025-10-09,17.0,17.18,17.45,16.73,4878972.0
184,2025-10-10,17.1,16.04,18.22,15.88,6382197.0
185,2025-10-13,14.8,15.3,15.5,14.6,4150179.0
186,2025-10-14,15.81,15.51,16.07,15.11,3544476.0
187,2025-10-15,15.4,15.66,15.9,14.8,3055547.0
188,2025-10-16,15.47,15.11,15.52,15.07,1857274.0
189,2025-10-17,15.02,14.13,15.08,14.1,2506890.0
190,2025-10-20,14.5,14.38,14.67,14.27,1618064.0
191,2025-10-21,14.67,14.99,15.05,14.61,2145765.0
192,2025-10-22,14.84,14.76,15.07,14.67,1335075.0
193,2025-10-23,14.67,14.61,14.69,14.25,1202345.0
194,2025-10-24,14.8,15.29,15.36,14.75,2572630.0
195,2025-10-27,15.58,15.81,15.87,15.44,2728555.0
196,2025-10-28,15.81,15.85,16.21,15.65,2710547.0
197,2025-10-29,15.98,16.19,16.28,15.84,2290641.0
198,2025-10-30,16.49,15.93,16.77,15.91,2886469.0
199,2025-10-31,16.14,15.63,16.22,15.55,2043145.0
200,2025-11-03,15.45,15.21,15.46,14.88,1976837.0
201,2025-11-04,15.22,14.84,15.24,14.71,1546367.0
202,2025-11-05,14.47,14.62,14.75,14.3,1615599.0
203,2025-11-06,14.62,14.98,15.06,14.54,1708549.0
204,2025-11-07,14.82,14.78,14.98,14.6,1186093.0
205,2025-11-10,14.79,14.44,14.87,14.34,1378192.0
206,2025-11-11,14.52,14.0,14.54,13.88,1838668.0
207,2025-11-12,13.92,14.05,14.12,13.75,1186180.0
208,2025-11-13,13.95,13.99,14.09,13.79,1049794.0
209,2025-11-14,13.81,13.55,13.82,13.55,1420284.0
210,2025-11-17,13.4,13.49,13.63,13.35,1049802.0
211,2025-11-18,13.44,13.38,13.58,13.3,863033.0
212,2025-11-19,13.37,13.43,13.59,13.35,843772.0
213,2025-11-20,13.58,13.29,13.68,13.29,752832.0
214,2025-11-21,13.09,13.0,13.35,12.97,1111902.0
215,2025-11-24,13.05,13.05,13.17,12.74,1099944.0
216,2025-11-25,13.16,13.41,13.59,13.15,1248036.0
217,2025-11-26,13.35,13.52,13.71,13.26,1236320.0
218,2025-11-27,13.58,13.66,14.09,13.55,1749469.0
219,2025-11-28,13.6,13.9,13.94,13.5,1258436.0
220,2025-12-01,13.93,14.48,14.8,13.86,2298236.0
221,2025-12-02,14.49,14.96,15.14,14.3,2982435.0
222,2025-12-03,14.87,14.72,15.12,14.6,1944387.0
223,2025-12-04,15.09,14.74,15.18,14.67,1427057.0
224,2025-12-05,14.65,14.81,14.96,14.42,1695934.0
225,2025-12-08,14.79,15.08,15.15,14.71,2302939.0
226,2025-12-09,15.02,15.33,15.68,14.93,2735785.0
227,2025-12-10,15.24,15.18,15.3,14.82,1586306.0
228,2025-12-11,15.3,15.36,15.75,15.14,2799694.0
229,2025-12-12,15.2,15.7,16.0,15.1,3024046.0
230,2025-12-15,15.43,15.19,15.67,15.15,1709492.0
231,2025-12-16,15.03,15.0,15.27,14.74,1492911.0
232,2025-12-17,15.16,15.72,15.79,15.12,2293296.0
233,2025-12-18,15.55,14.94,15.57,14.93,2145053.0
234,2025-12-19,15.14,15.34,15.4,14.96,1722230.0
235,2025-12-22,15.33,15.95,16.12,15.28,2860168.0
236,2025-12-23,15.95,15.52,15.95,15.06,4285953.0
237,2025-12-24,15.88,16.0,16.23,15.71,3792119.0
238,2025-12-25,15.95,15.84,16.04,15.64,2309354.0
239,2025-12-26,15.8,15.4,15.84,15.21,2214661.0
240,2025-12-29,15.48,15.56,15.92,15.48,2453979.0
241,2025-12-30,15.33,15.83,15.95,15.11,3250685.0
242,2025-12-31,15.9,15.54,15.9,15.41,2167873.0
