date,open,close,high,low,amount
2025-01-02,22.16,22.09,22.7,21.82,479841.0
2025-01-03,22.3,21.29,22.6,21.21,456906.0
2025-01-06,21.3,21.14,21.85,20.95,612623.0
2025-01-07,21.08,21.12,21.4,20.91,305497.0
2025-01-08,21.05,21.15,21.38,20.71,370061.0
2025-01-09,21.15,20.9,21.59,20.76,361234.0
2025-01-10,20.9,20.05,21.02,20.05,352996.0
2025-01-13,19.98,20.18,20.42,19.82,308106.0
2025-01-14,20.3,20.71,20.82,20.05,341848.0
2025-01-15,20.66,21.54,22.37,20.26,1032340.0
2025-01-16,21.54,21.72,22.06,21.35,582488.0
2025-01-17,21.66,21.72,22.1,21.2,379743.0
2025-01-20,21.45,21.17,21.87,21.07,488948.0
2025-01-21,21.25,20.19,21.31,20.05,628535.0
2025-01-22,20.08,19.98,20.18,19.5,455400.0
2025-01-23,20.05,19.8,20.53,19.8,469369.0
2025-01-24,19.79,20.71,20.88,19.71,669392.0
2025-01-27,20.68,20.46,20.98,20.45,344477.0
2025-02-05,20.8,20.58,21.14,20.32,405078.0
2025-02-06,20.5,21.08,21.08,20.12,436887.0
2025-02-07,21.1,22.74,23.07,21.09,1096978.0
2025-02-10,22.55,22.12,22.55,21.68,755238.0
2025-02-11,22.04,21.39,22.24,21.18,561205.0
2025-02-12,21.39,21.77,21.77,21.25,412302.0
2025-02-13,21.68,21.43,21.88,21.4,345027.0
2025-02-14,21.43,21.47,21.8,21.28,356714.0
2025-02-17,21.32,21.78,21.88,21.03,519902.0
2025-02-18,21.7,20.9,21.75,20.8,526760.0
2025-02-19,20.88,21.19,21.53,20.7,532642.0
2025-02-20,21.03,20.49,21.1,20.46,506116.0
2025-02-21,20.49,20.58,20.7,20.38,504963.0
2025-02-24,20.58,20.8,21.22,20.4,507392.0
2025-02-25,20.58,21.42,21.75,20.53,922152.0
2025-02-26,21.58,22.07,22.13,21.25,847410.0
2025-02-27,21.97,21.56,21.98,21.27,507877.0
2025-02-28,21.5,21.09,21.75,21.07,463771.0
2025-03-03,21.09,21.31,21.85,21.09,567478.0
2025-03-04,21.22,21.28,21.36,20.8,382259.0
2025-03-05,21.19,20.64,21.26,20.33,554986.0
2025-03-06,20.88,21.33,21.68,20.68,626192.0
2025-03-07,21.18,21.42,21.92,20.85,553552.0
2025-03-10,21.5,21.77,21.97,21.48,507760.0
2025-03-11,21.42,22.07,22.07,21.21,468352.0
2025-03-12,22.04,21.45,22.09,21.45,481397.0
2025-03-13,21.45,21.02,21.52,20.88,327527.0
2025-03-14,21.09,21.63,21.98,21.04,725660.0
2025-03-17,21.85,21.66,22.18,21.6,388033.0
2025-03-18,21.63,21.49,21.78,21.4,384910.0
2025-03-19,21.46,21.12,21.5,21.07,428326.0
2025-03-20,21.15,21.0,21.23,20.91,312767.0
2025-03-21,20.95,20.79,21.25,20.75,375558.0
2025-03-24,20.81,20.51,20.88,20.2,340989.0
2025-03-25,20.5,20.5,20.77,20.36,305871.0
2025-03-26,20.5,20.81,21.03,20.42,449184.0
2025-03-27,20.59,20.32,20.68,20.27,375354.0
2025-03-28,20.28,19.98,20.52,19.97,324471.0
2025-03-31,19.91,19.13,19.92,19.08,511178.0
2025-04-01,19.13,19.18,19.32,18.94,291660.0
2025-04-02,19.08,18.89,19.2,18.87,254133.0
2025-04-03,18.56,18.62,19.09,18.52,295910.0
2025-04-07,17.63,16.76,17.72,16.76,606507.0
2025-04-08,16.86,17.01,17.16,16.69,571093.0
2025-04-09,16.79,17.2,17.2,16.48,558460.0
2025-04-10,17.8,17.47,17.85,17.29,465716.0
2025-04-11,17.47,17.31,17.48,17.25,335032.0
2025-04-14,17.46,17.4,17.87,17.36,476632.0
2025-04-15,17.48,17.25,17.48,17.14,260622.0
2025-04-16,17.23,17.45,17.45,16.85,310767.0
2025-04-17,17.25,17.27,17.36,17.16,221379.0
2025-04-18,17.13,16.93,17.17,16.85,254425.0
2025-04-21,16.88,17.01,17.05,16.76,208032.0
2025-04-22,16.98,16.91,17.18,16.82,222164.0
2025-04-23,17.03,17.01,17.26,16.95,232994.0
2025-04-24,17.05,16.8,17.11,16.79,222092.0
2025-04-25,16.81,16.66,16.86,16.63,310572.0
2025-04-28,16.54,16.6,16.83,16.48,266513.0
2025-04-29,16.54,16.31,16.74,16.29,287088.0
2025-04-30,16.08,16.31,16.45,16.05,345458.0
2025-05-06,16.38,16.63,16.63,16.38,327303.0
2025-05-07,16.85,16.7,16.9,16.52,290533.0
2025-05-08,16.6,16.9,16.94,16.58,294371.0
2025-05-09,16.93,16.5,16.93,16.47,269488.0
2025-05-12,16.65,17.06,17.1,16.65,468718.0
2025-05-13,17.6,18.35,18.77,17.6,1614012.0
2025-05-14,18.0,17.79,18.25,17.62,974081.0
2025-05-15,17.75,17.2,17.75,17.17,520430.0
2025-05-16,17.1,17.22,17.44,17.1,343051.0
2025-05-19,17.1,16.98,17.12,16.87,316520.0
2025-05-20,17.0,17.15,17.18,16.78,307454.0
2025-05-21,17.04,17.18,17.25,17.01,266632.0
2025-05-22,17.07,16.99,17.17,16.92,185908.0
2025-05-23,16.9,16.84,17.22,16.84,253760.0
2025-05-26,16.95,17.13,17.39,16.8,316285.0
2025-05-27,17.07,16.95,17.13,16.89,183970.0
2025-05-28,16.98,16.88,17.04,16.84,161928.0
2025-05-29,16.92,17.0,17.05,16.84,201304.0
2025-05-30,16.89,16.29,16.93,16.2,565986.0
2025-06-03,16.1,16.19,16.26,16.06,260564.0
2025-06-04,16.25,16.31,16.35,16.21,223418.0
2025-06-05,16.3,16.23,16.34,16.17,237957.0
2025-06-06,16.28,16.09,16.29,16.05,354489.0
2025-06-09,16.04,16.27,16.33,15.95,355722.0
2025-06-10,16.22,15.96,16.34,15.91,388508.0
2025-06-11,15.95,16.14,16.45,15.93,439251.0
2025-06-12,16.11,16.0,16.11,15.88,397146.0
2025-06-13,15.91,15.93,15.93,15.64,563208.0
2025-06-16,15.78,15.66,15.88,15.56,497469.0
2025-06-17,15.64,15.59,15.71,15.48,281624.0
2025-06-18,15.54,15.39,15.62,15.37,312212.0
2025-06-19,15.38,14.98,15.45,14.97,419898.0
2025-06-20,15.22,15.23,15.65,15.15,604134.0
2025-06-23,15.04,15.06,15.15,14.89,416062.0
2025-06-24,15.09,15.48,15.5,15.03,525527.0
2025-06-25,15.47,15.67,15.67,15.29,528568.0
2025-06-26,15.76,15.67,16.36,15.65,903707.0
2025-06-27,15.76,15.65,16.04,15.53,593616.0
2025-06-30,16.2,16.75,17.0,16.0,1629790.0
2025-07-01,16.47,16.18,16.58,16.11,710333.0
2025-07-02,16.5,17.8,17.8,16.5,1965795.0
2025-07-03,18.0,18.32,18.47,17.43,2135150.0
2025-07-04,18.49,18.36,18.78,17.86,1349068.0
2025-07-07,18.05,18.2,18.56,17.9,693623.0
2025-07-08,18.35,20.02,20.02,18.18,1451487.0
2025-07-09,20.0,20.27,20.87,19.84,1857372.0
2025-07-10,20.26,20.81,21.64,20.03,1995117.0
2025-07-11,20.69,20.39,20.9,20.26,1255960.0
2025-07-14,20.39,20.63,21.03,20.32,1206390.0
2025-07-15,20.39,20.16,20.91,20.03,1179806.0
2025-07-16,19.95,20.63,20.84,19.51,1358052.0
2025-07-17,20.85,20.79,21.11,20.15,1317081.0
2025-07-18,21.0,20.36,21.49,20.31,962596.0
2025-07-21,20.34,20.53,20.8,20.17,749156.0
2025-07-22,20.5,21.67,22.0,20.38,1639087.0
2025-07-23,22.1,21.18,22.87,21.01,1859713.0
2025-07-24,20.75,21.87,22.15,20.65,1379756.0
2025-07-25,21.67,21.13,21.8,21.05,906140.0
2025-07-28,20.7,20.6,21.04,20.41,779172.0
2025-07-29,20.81,21.31,21.35,20.6,879341.0
2025-07-30,21.26,21.85,22.6,21.18,1394159.0
2025-07-31,21.35,20.43,21.38,20.01,1526098.0
2025-08-01,20.12,20.58,21.35,20.0,1051816.0
2025-08-04,20.15,20.07,20.26,19.65,797707.0
2025-08-05,20.11,20.55,20.58,19.96,600413.0
2025-08-06,20.58,20.42,20.65,20.28,490313.0
2025-08-07,20.38,20.14,20.5,19.96,580499.0
2025-08-08,20.0,20.15,20.54,19.94,616724.0
2025-08-11,20.29,20.88,21.04,20.23,827024.0
2025-08-12,20.75,20.36,20.75,20.14,702519.0
2025-08-13,20.29,20.18,20.42,20.1,604544.0
2025-08-14,20.09,19.56,20.13,19.51,830682.0
2025-08-15,19.48,20.81,21.17,19.42,1522727.0
2025-08-18,20.99,20.79,21.08,20.66,1125075.0
2025-08-19,20.79,20.61,21.06,20.56,727553.0
2025-08-20,21.15,20.77,21.3,20.18,1093443.0
2025-08-21,20.61,20.66,21.11,20.54,968548.0
2025-08-22,20.5,21.03,21.13,20.44,1005605.0
2025-08-25,21.3,21.57,22.0,21.27,1410006.0
2025-08-26,21.55,21.32,22.06,21.25,870981.0
2025-08-27,21.34,20.9,21.9,20.84,930698.0
2025-08-28,20.71,21.53,22.0,20.7,1193095.0
2025-08-29,21.56,22.03,22.25,21.32,1326680.0
2025-09-01,21.81,22.58,22.79,21.22,1527394.0
2025-09-02,22.62,21.9,23.2,21.69,1528641.0
2025-09-03,21.9,21.98,22.39,21.53,1122932.0
2025-09-04,21.99,22.97,23.5,21.99,2169592.0
2025-09-05,22.9,24.39,24.5,22.77,2133520.0
2025-09-08,24.4,24.08,24.41,23.5,1627426.0
2025-09-09,23.84,23.68,24.14,23.37,1044005.0
2025-09-10,23.06,22.26,23.06,22.08,1348087.0
2025-09-11,22.11,22.44,22.49,22.02,773318.0
2025-09-12,22.49,22.23,22.64,22.06,771037.0
2025-09-15,22.05,22.16,22.59,22.05,712124.0
2025-09-16,22.59,22.39,23.0,22.18,707648.0
2025-09-17,22.58,22.99,23.29,22.58,1153805.0
2025-09-18,22.99,22.1,23.07,21.85,1056011.0
2025-09-19,22.19,21.83,22.29,21.8,546963.0
2025-09-22,21.8,21.28,21.83,21.03,622313.0
2025-09-23,21.07,20.77,21.36,20.31,704453.0
2025-09-24,20.61,21.74,21.79,20.51,773426.0
2025-09-25,21.64,21.97,22.42,21.5,847409.0
2025-09-26,21.97,21.74,22.17,21.68,434305.0
2025-09-29,21.51,21.89,22.25,21.5,570405.0
2025-09-30,21.85,22.29,22.49,21.57,652748.0
2025-10-09,22.46,22.7,22.98,22.02,756362.0
2025-10-10,22.72,21.79,22.9,21.67,720236.0
2025-10-13,20.7,21.9,21.97,20.63,741527.0
2025-10-14,21.89,23.12,23.99,21.83,1999016.0
2025-10-15,23.12,24.37,24.9,23.01,1784520.0
2025-10-16,24.0,24.84,24.99,23.9,1289776.0
2025-10-17,24.8,23.6,25.24,23.5,1176764.0
2025-10-20,23.98,23.03,23.98,22.85,713144.0
2025-10-21,23.1,23.08,23.56,22.67,679172.0
2025-10-22,22.93,22.47,23.07,22.38,510366.0
2025-10-23,22.31,22.87,22.95,21.61,761180.0
2025-10-24,22.8,22.21,23.04,22.0,1112896.0
2025-10-27,22.6,22.93,23.42,22.51,1125977.0
2025-10-28,23.11,22.61,23.37,22.52,666175.0
2025-10-29,22.4,24.87,24.87,22.4,1832104.0
2025-10-30,24.96,24.78,25.68,24.61,1671282.0
2025-10-31,24.58,24.78,26.02,24.57,1054483.0
2025-11-03,25.0,25.21,25.46,24.51,1186039.0
2025-11-04,25.19,24.3,25.27,24.06,871891.0
2025-11-05,23.82,24.4,25.1,23.6,1096226.0
2025-11-06,24.4,24.96,25.5,24.08,1270079.0
2025-11-07,24.8,26.65,27.46,24.75,3061780.0
2025-11-10,27.2,27.16,27.67,26.41,2305942.0
2025-11-11,26.9,26.72,27.75,26.55,1421806.0
2025-11-12,26.45,25.1,26.6,24.05,2294305.0
2025-11-13,25.09,25.62,26.3,25.09,1625223.0
2025-11-14,25.17,25.76,27.2,24.84,1468067.0
2025-11-17,25.46,25.22,25.59,24.59,1086178.0
2025-11-18,25.08,24.88,25.68,24.63,625322.0
2025-11-19,24.83,25.91,25.96,24.2,1149843.0
2025-11-20,25.6,24.59,25.66,24.4,1019436.0
2025-11-21,24.0,22.97,24.0,22.9,858439.0
2025-11-24,23.13,22.72,23.3,22.22,631644.0
2025-11-25,22.94,22.73,23.19,22.71,542189.0
2025-11-26,23.4,22.86,23.65,22.77,540525.0
2025-11-27,22.86,23.0,23.69,22.74,654011.0
2025-11-28,22.8,22.88,23.27,22.56,459398.0
2025-12-01,23.18,23.32,23.65,22.75,700644.0
2025-12-02,22.91,22.35,22.94,22.29,672671.0
2025-12-03,22.4,22.02,22.45,21.73,473929.0
2025-12-04,21.88,21.72,21.99,21.6,366484.0
2025-12-05,21.72,21.84,21.94,21.56,391936.0
2025-12-08,21.6,21.89,21.94,21.54,490173.0
2025-12-09,21.83,22.68,22.7,21.41,1201250.0
2025-12-10,22.18,22.0,22.21,21.56,990703.0
2025-12-11,21.87,21.26,22.04,21.23,637444.0
2025-12-12,21.24,21.62,21.75,21.05,543527.0
2025-12-15,21.4,21.74,22.04,21.36,571807.0
2025-12-16,21.73,20.8,21.88,20.8,628448.0
2025-12-17,20.8,21.18,21.25,20.8,655525.0
2025-12-18,20.94,20.76,21.2,20.75,441044.0
2025-12-19,20.72,20.8,21.21,20.68,582175.0
2025-12-22,20.81,20.84,21.08,20.75,504576.0
2025-12-23,20.81,20.86,21.13,20.42,639044.0
2025-12-24,20.7,21.04,21.09,20.49,512481.0
2025-12-25,20.92,21.38,21.42,20.78,594063.0
2025-12-26,21.98,21.8,22.3,21.71,1035539.0
2025-12-29,21.7,21.51,22.12,21.47,622589.0
2025-12-30,21.29,21.01,21.44,20.95,642758.0
2025-12-31,20.92,20.52,21.04,20.5,541505.0
