,Unnamed: 0,date,open,close,high,low,amount,ma_3,ma_5,ma_7,ma_10,ma_20,ma_21,daily_return,amplitude,amount_change,amount_ma_20,volume_ratio,rolling_volatility_20
0,0,2025-01-02,71.1500,69.2200,71.5100,68.7100,310411.0000,,,,,,,,,,,,
1,1,2025-01-03,69.2400,67.1400,69.7000,67.0900,279480.0000,,,,,,,-0.0300,0.0400,-0.0996,,,
2,2,2025-01-06,67.9600,68.9700,70.4800,67.2100,392739.0000,68.4433,,,,,,0.0273,0.0500,0.4052,,,
3,3,2025-01-07,68.4100,68.9700,69.3100,67.5600,213019.0000,68.3600,,,,,,0.0000,0.0300,-0.4576,,,
4,4,2025-01-08,68.6100,70.1000,71.0900,68.0700,354315.0000,69.3467,68.8800,,,,,0.0164,0.0400,0.6633,,,
5,5,2025-01-09,69.3100,69.9300,72.5500,69.2600,279303.0000,69.6667,69.0220,,,,,-0.0024,0.0500,-0.2117,,,
6,6,2025-01-10,69.8100,68.4600,70.3600,68.4400,170613.0000,69.4967,69.2860,68.9700,,,,-0.0210,0.0300,-0.3891,,,
7,7,2025-01-13,67.8100,68.9800,70.4900,67.7100,190325.0000,69.1233,69.2880,68.9357,,,,0.0076,0.0400,0.1155,,,
8,8,2025-01-14,69.0800,71.1900,71.3900,68.3200,294119.0000,69.5433,69.7320,69.5143,,,,0.0320,0.0400,0.5454,,,
9,9,2025-01-15,70.4200,70.5600,71.4800,69.3200,304086.0000,70.2433,69.8240,69.7414,69.3520,,,-0.0088,0.0300,0.0339,,,
10,10,2025-01-16,70.3100,71.4900,72.4700,70.3100,247042.0000,71.0800,70.1360,70.1014,69.5790,,,0.0132,0.0300,-0.1876,,,
11,11,2025-01-17,70.7100,72.3600,73.1900,70.5100,288330.0000,71.4700,70.9160,70.4243,70.1010,,,0.0122,0.0400,0.1671,,,
12,12,2025-01-20,74.2100,74.6800,76.3400,73.8900,562918.0000,72.8433,72.0560,71.1029,70.6720,,,0.0321,0.0300,0.9523,,,
13,13,2025-01-21,74.5500,73.2400,74.5500,72.7100,295429.0000,73.4267,72.4660,71.7857,71.0990,,,-0.0193,0.0200,-0.4752,,,
14,14,2025-01-22,72.9600,70.9600,73.2100,70.7600,311883.0000,72.9600,72.5460,72.0686,71.1850,,,-0.0311,0.0300,0.0557,,,
15,15,2025-01-23,71.5300,71.4000,72.6600,70.9100,292106.0000,71.8667,72.5280,72.0986,71.3320,,,0.0062,0.0200,-0.0634,,,
16,16,2025-01-24,70.9400,71.4500,72.8000,70.7100,277948.0000,71.2700,72.3460,72.2257,71.6310,,,0.0007,0.0300,-0.0485,,,
17,17,2025-01-27,71.4500,69.4100,71.8100,69.3900,208670.0000,70.7533,71.2920,71.9286,71.6740,,,-0.0286,0.0300,-0.2492,,,
18,18,2025-02-05,69.2600,68.1100,69.8000,67.7200,270558.0000,69.6567,70.2660,71.3214,71.3660,,,-0.0187,0.0300,0.2966,,,
19,19,2025-02-06,68.3100,68.8100,68.8100,65.9900,425595.0000,68.7767,69.8360,70.4829,71.1910,70.2715,,0.0103,0.0400,0.5730,298444.4500,1.4260,
20,20,2025-02-07,68.5100,71.7100,72.3100,68.1200,528184.0000,69.5433,69.8980,70.2643,71.2130,70.3960,70.3400,0.0421,0.0600,0.2410,309333.1000,1.7075,0.0220
21,21,2025-02-10,71.4900,69.4400,71.4900,67.9100,715250.0000,69.9867,69.4960,70.0471,70.9210,70.5110,70.3505,-0.0317,0.0500,0.3542,331121.6000,2.1601,0.0222
22,22,2025-02-11,68.9200,68.1200,69.0900,68.0200,280689.0000,69.7567,69.2380,69.5786,70.2650,70.4685,70.3971,-0.0190,0.0200,-0.6076,325519.1000,0.8623,0.0218
23,23,2025-02-12,67.8100,68.1400,68.3600,67.2100,371042.0000,68.5667,69.2440,69.1057,69.7550,70.4270,70.3576,0.0003,0.0200,0.3219,333420.2500,1.1128,0.0218
24,24,2025-02-13,67.8100,67.2800,68.2400,67.2800,282544.0000,67.8467,68.9380,68.8014,69.3870,70.2860,70.2771,-0.0126,0.0100,-0.2385,329831.7000,0.8566,0.0216
25,25,2025-02-14,66.8800,66.9500,68.0100,66.7900,270731.0000,67.4567,67.9860,68.6357,68.9420,70.1370,70.1271,-0.0049,0.0200,-0.0418,329403.1000,0.8219,0.0216
26,26,2025-02-17,66.9500,65.5500,66.9600,65.3900,449471.0000,66.5933,67.2080,68.1700,68.3520,69.9915,69.9186,-0.0209,0.0200,0.6602,343346.0000,1.3091,0.0216
27,27,2025-02-18,66.5700,66.0200,67.7000,65.8300,491292.0000,66.1733,66.7880,67.3571,68.0130,69.8435,69.8024,0.0072,0.0300,0.0930,358394.3500,1.3708,0.0216
28,28,2025-02-19,65.3400,65.5600,65.7100,64.5100,444217.0000,65.7100,66.2720,66.8029,67.7580,69.5620,69.6395,-0.0070,0.0200,-0.0958,365899.2500,1.2140,0.0200
29,29,2025-02-20,65.1800,64.4300,65.2200,64.0000,394986.0000,65.3367,65.7020,66.2757,67.3200,69.2555,69.3176,-0.0172,0.0200,-0.1108,370444.2500,1.0662,0.0202
30,30,2025-02-21,64.4800,64.7800,65.5600,64.4200,478452.0000,64.9233,65.2680,65.7957,66.6270,68.9200,69.0424,0.0054,0.0200,0.2113,382014.7500,1.2524,0.0200
31,31,2025-02-24,64.5200,65.3800,66.0600,63.7800,430839.0000,64.8633,65.2340,65.5243,66.2210,68.5710,68.7514,0.0093,0.0400,-0.0995,389140.2000,1.1072,0.0198
32,32,2025-02-25,64.5400,64.4400,65.6700,64.3300,352111.0000,64.8667,64.9180,65.1657,65.8530,68.0590,68.3743,-0.0144,0.0200,-0.1827,378599.8500,0.9300,0.0179
33,33,2025-02-26,64.4200,67.4700,67.5100,64.4100,723713.0000,65.7633,65.3000,65.4400,65.7860,67.7705,68.0310,0.0470,0.0500,1.0554,400014.0500,1.8092,0.0214
34,34,2025-02-27,67.8100,69.1400,70.3400,67.7100,845534.0000,67.0167,66.2420,65.8857,65.9720,67.6795,67.8357,0.0248,0.0400,0.1683,426696.6000,1.9816,0.0213
35,35,2025-02-28,69.0100,68.2100,70.9900,68.0200,575442.0000,68.2733,66.9280,66.2643,66.0980,67.5200,67.7048,-0.0135,0.0400,-0.3194,440863.4000,1.3053,0.0214
36,36,2025-03-03,68.0100,69.8800,71.1900,68.0100,597886.0000,69.0767,67.8280,67.0429,66.5310,67.4415,67.6324,0.0245,0.0500,0.0390,456860.3000,1.3087,0.0222
37,37,2025-03-04,68.8100,67.9600,69.0200,67.3600,361497.0000,68.6833,68.5320,67.4971,66.7250,67.3690,67.4662,-0.0275,0.0200,-0.3954,464501.6500,0.7782,0.0221
38,38,2025-03-05,67.8100,65.5400,67.9500,65.3000,485027.0000,67.7933,68.1460,67.5200,66.7230,67.2405,67.2819,-0.0356,0.0400,0.3417,475225.1000,1.0206,0.0231
39,39,2025-03-06,65.5600,66.0100,66.5700,64.8100,403582.0000,66.5033,67.5200,67.7443,66.8810,67.1005,67.1819,0.0072,0.0300,-0.1679,474124.4500,0.8512,0.0230
40,40,2025-03-07,65.5700,65.0500,66.0500,64.7000,337999.0000,65.5333,66.8880,67.3986,66.9080,66.7675,67.0029,-0.0145,0.0200,-0.1625,464615.2000,0.7275,0.0207
41,41,2025-03-10,65.3200,65.5800,66.1900,64.7200,290675.0000,65.5467,66.0280,66.8900,66.9280,66.5745,66.7110,0.0081,0.0200,-0.1400,443386.4500,0.6556,0.0199
42,42,2025-03-11,64.8300,65.0400,65.0600,64.4100,278283.0000,65.2233,65.4440,66.4371,66.9880,66.4205,66.5014,-0.0082,0.0100,-0.0426,443266.1500,0.6278,0.0196
43,43,2025-03-12,65.2100,64.8400,65.4300,64.5900,260780.0000,65.1533,65.3040,65.7171,66.7250,66.2555,66.3452,-0.0031,0.0100,-0.0629,437753.0500,0.5957,0.0196
44,44,2025-03-13,64.8400,64.9100,66.3100,64.6300,302008.0000,64.9300,65.0840,65.2814,66.3020,66.1370,66.1914,0.0011,0.0300,0.1581,438726.2500,0.6884,0.0194
45,45,2025-03-14,64.9700,66.0600,66.4300,64.2300,447626.0000,65.2700,65.2860,65.3557,66.0870,66.0925,66.1333,0.0177,0.0300,0.4822,447571.0000,1.0001,0.0199
46,46,2025-03-17,66.1600,66.0900,67.1900,66.0200,296439.0000,65.6867,65.3880,65.3671,65.7080,66.1195,66.0924,0.0005,0.0200,-0.3378,439919.4000,0.6738,0.0193
47,47,2025-03-18,66.3000,67.4000,67.6100,66.1600,384230.0000,66.5167,65.8600,65.7029,65.6520,66.1885,66.1805,0.0198,0.0200,0.2962,434566.3000,0.8842,0.0197
48,48,2025-03-19,66.8200,66.8900,68.0100,65.8700,381378.0000,66.7933,66.2700,65.8900,65.7870,66.2550,66.2219,-0.0076,0.0300,-0.0074,431424.3500,0.8840,0.0197
49,49,2025-03-20,66.8100,65.8800,67.3600,65.8800,238701.0000,66.7233,66.4640,66.0100,65.7740,66.3275,66.2371,-0.0151,0.0200,-0.3741,423610.1000,0.5635,0.0196
50,50,2025-03-21,65.5700,64.9100,66.3900,64.8400,252847.0000,65.8933,66.2340,66.0200,65.7600,66.3340,66.2600,-0.0147,0.0200,0.0593,412329.8500,0.6132,0.0199
51,51,2025-03-24,65.1100,64.1500,65.1400,63.8100,251553.0000,64.9800,65.8460,65.9114,65.6170,66.2725,66.2300,-0.0117,0.0200,-0.0051,403365.5500,0.6236,0.0200
52,52,2025-03-25,64.7200,69.3100,69.8100,64.5700,952107.0000,66.1233,66.2280,66.3757,66.0440,66.5160,66.4171,0.0804,0.0800,2.7849,433365.3500,2.1970,0.0267
53,53,2025-03-26,68.3200,69.2300,70.8100,68.2000,640172.0000,67.5633,66.6960,66.8243,66.4830,66.6040,66.6452,-0.0012,0.0400,-0.3276,429188.3000,1.4916,0.0247
54,54,2025-03-27,69.2400,69.1100,69.8100,67.8900,308298.0000,69.2167,67.3420,67.0686,66.9030,66.6025,66.7233,-0.0017,0.0300,-0.5184,402326.5000,0.7663,0.0241
55,55,2025-03-28,69.2900,69.6000,71.4200,69.1300,420056.0000,69.3133,68.2800,67.4557,67.2570,66.6720,66.7452,0.0071,0.0300,0.3625,394557.2000,1.0646,0.0239
56,56,2025-03-31,69.6300,66.7200,70.9100,66.5500,452836.0000,68.4767,68.7940,67.5757,67.3200,66.5140,66.6743,-0.0414,0.0600,0.0780,387304.7000,1.1692,0.0251
57,57,2025-04-01,66.7400,69.6900,70.6100,66.7400,464169.0000,68.6700,68.8700,68.2586,67.5490,66.6005,66.6652,0.0445,0.0600,0.0250,392438.3000,1.1828,0.0263
58,58,2025-04-02,69.8100,69.7800,70.2600,69.1100,254618.0000,68.7300,68.9800,69.0629,67.8380,66.8125,66.7519,0.0013,0.0200,-0.4515,380917.8500,0.6684,0.0249
59,59,2025-04-03,67.7500,64.5100,67.7700,64.3400,818358.0000,67.9933,68.0600,68.3771,67.7010,66.7375,66.7029,-0.0755,0.0500,2.2141,401656.6500,2.0375,0.0304
60,60,2025-04-07,57.3100,53.0100,59.3100,51.0700,967449.0000,62.4333,64.7420,66.0600,66.5110,66.1355,66.0838,-0.1783,0.1300,0.1822,433129.1500,2.2336,0.0501
61,61,2025-04-08,53.0000,53.0200,54.8100,52.5500,533653.0000,56.8467,62.0020,63.7614,65.3980,65.5075,65.5110,0.0002,0.0400,-0.4484,445278.0500,1.1985,0.0499
62,62,2025-04-09,51.3100,53.4700,54.2800,50.2900,461521.0000,53.1667,58.7580,61.4571,63.8140,64.9290,64.9343,0.0085,0.0800,-0.1352,454439.9500,1.0156,0.0501
63,63,2025-04-10,57.0600,55.0100,57.2000,54.9100,452029.0000,53.8333,55.8040,59.7843,62.3920,64.4375,64.4567,0.0288,0.0400,-0.0206,464002.4000,0.9742,0.0508
64,64,2025-04-11,54.2900,55.0200,55.7000,53.7400,335183.0000,54.5000,53.9060,57.6886,60.9830,63.9430,63.9890,0.0002,0.0400,-0.2585,465661.1500,0.7198,0.0508
65,65,2025-04-14,55.8100,55.2200,55.9600,55.0100,263788.0000,55.0833,54.3480,55.6086,59.5450,63.4010,63.5276,0.0036,0.0200,-0.2130,456469.2500,0.5779,0.0505
66,66,2025-04-15,55.2300,54.6000,55.2700,54.1100,218423.0000,54.9467,54.6640,54.1929,58.3330,62.8265,62.9819,-0.0112,0.0200,-0.1720,452568.4500,0.4826,0.0505
67,67,2025-04-16,54.2300,53.5500,54.3000,52.8100,222271.0000,54.4567,54.6800,54.2700,56.7190,62.1340,62.3848,-0.0192,0.0300,0.0176,444470.5000,0.5001,0.0501
68,68,2025-04-17,53.0400,53.0800,53.6000,52.9200,176608.0000,53.7433,54.2940,54.2786,55.0490,61.4435,61.7029,-0.0088,0.0100,-0.2054,434232.0000,0.4067,0.0501
69,69,2025-04-18,53.1000,53.3800,53.7600,52.9100,176826.0000,53.3367,53.9660,54.2657,53.9360,60.8185,61.0595,0.0057,0.0200,0.0012,431138.2500,0.4101,0.0502
70,70,2025-04-21,53.6100,54.0000,54.2600,53.1100,181051.0000,53.4867,53.7220,54.1214,54.0350,60.2730,60.4938,0.0116,0.0200,0.0239,427548.4500,0.4235,0.0504
71,71,2025-04-22,53.6700,53.5500,54.7300,53.5100,199024.0000,53.6433,53.5120,53.9114,54.0880,59.7430,59.9529,-0.0083,0.0200,0.0993,424922.0000,0.4684,0.0504
72,72,2025-04-23,54.4300,55.5300,56.3100,54.4300,454060.0000,54.3600,53.9080,53.9557,54.2940,59.0540,59.5424,0.0370,0.0400,1.2814,400019.6500,1.1351,0.0472
73,73,2025-04-24,55.4700,54.1100,55.5200,54.0500,239717.0000,54.3967,54.1140,53.8857,54.2040,58.2980,58.8186,-0.0256,0.0300,-0.4721,379996.9000,0.6308,0.0473
74,74,2025-04-25,54.4100,56.1300,57.1100,54.4100,403021.0000,55.2567,54.6640,54.2543,54.3150,57.6490,58.1948,0.0373,0.0500,0.6812,384733.0500,1.0475,0.0485
75,75,2025-04-28,59.8100,59.9100,60.8700,59.5100,638893.0000,56.7167,55.8460,55.2300,54.7840,57.1645,57.7567,0.0673,0.0200,0.5853,395674.9000,1.6147,0.0514
76,76,2025-04-29,60.6600,58.6100,60.8100,58.5000,321586.0000,58.2167,56.8580,55.9771,55.1850,56.7590,57.2333,-0.0217,0.0400,-0.4967,389112.4000,0.8265,0.0508
77,77,2025-04-30,58.6100,57.9100,59.0400,57.8200,231868.0000,58.8100,57.3340,56.5357,55.6210,56.1700,56.8138,-0.0119,0.0200,-0.2790,377497.3500,0.6142,0.0495
78,78,2025-05-06,58.2900,59.5000,59.9100,58.1700,304173.0000,58.6733,58.4120,57.3857,56.2630,55.6560,56.3286,0.0275,0.0300,0.3118,379975.1000,0.8005,0.0501
79,79,2025-05-07,60.8600,59.4100,61.9500,58.9300,402335.0000,58.9400,59.0680,57.9400,56.8660,55.4010,55.8348,-0.0015,0.0500,0.3227,359173.9500,1.1202,0.0474
80,80,2025-05-08,58.9100,61.2600,61.6100,58.7200,418182.0000,60.0567,59.3380,58.9614,57.5920,55.8135,55.6800,0.0311,0.0500,0.0394,331710.6000,1.2607,0.0239
81,81,2025-05-09,60.8900,59.8300,60.9100,59.3100,265779.0000,60.1667,59.5820,59.4900,58.2200,56.1540,56.0048,-0.0233,0.0300,-0.3644,318316.9000,0.8350,0.0249
82,82,2025-05-12,63.0500,64.4600,64.9500,62.4100,752187.0000,61.8500,60.8920,60.1400,59.1130,56.7035,56.5495,0.0774,0.0400,1.8301,332850.2000,2.2598,0.0295
83,83,2025-05-13,65.7500,65.1100,67.0600,64.9500,641201.0000,63.1333,62.0140,61.0686,60.2130,57.2085,57.1038,0.0101,0.0300,-0.1476,342308.8000,1.8732,0.0292
84,84,2025-05-14,64.1000,63.3800,64.6000,62.8900,491386.0000,64.3167,62.8080,61.8500,60.9380,57.6265,57.5024,-0.0266,0.0300,-0.2336,350118.9500,1.4035,0.0302
85,85,2025-05-15,63.0100,61.7100,63.0200,61.2300,363893.0000,63.4000,62.8980,62.1657,61.1180,57.9510,57.8210,-0.0263,0.0300,-0.2595,355124.2000,1.0247,0.0311
86,86,2025-05-16,61.4600,62.6200,65.1100,61.3100,441015.0000,62.5700,63.4560,62.6243,61.5190,58.3520,58.1733,0.0147,0.0600,0.2119,366253.8000,1.2041,0.0309
87,87,2025-05-19,62.3100,61.7600,62.4600,61.5300,189470.0000,62.0300,62.9160,62.6957,61.9040,58.7625,58.5143,-0.0137,0.0100,-0.5704,364613.7500,0.5196,0.0307
88,88,2025-05-20,61.8100,60.9700,61.9000,60.2100,301308.0000,61.7833,62.0880,62.8586,62.0510,59.1570,58.8676,-0.0128,0.0300,0.5903,370848.7500,0.8125,0.0308
89,89,2025-05-21,61.0700,61.5400,62.0800,60.6800,234493.0000,61.4233,61.7200,62.4414,62.2640,59.5650,59.2705,0.0093,0.0200,-0.2217,373732.1000,0.6274,0.0308
90,90,2025-05-22,60.9100,59.8200,61.2100,59.8100,267433.0000,60.7767,61.3420,61.6857,62.1200,59.8560,59.5771,-0.0279,0.0200,0.1405,378051.2000,0.7074,0.0318
91,91,2025-05-23,59.1900,57.9100,59.3400,57.8400,522254.0000,59.7567,60.4000,60.9043,61.9280,60.0740,59.7633,-0.0319,0.0300,0.9528,394212.7000,1.3248,0.0328
92,92,2025-05-26,57.5100,58.1900,58.8600,57.5100,204026.0000,58.6400,59.6860,60.4014,61.3010,60.2070,59.9843,0.0048,0.0200,-0.6093,381711.0000,0.5345,0.0319
93,93,2025-05-27,58.2100,57.8700,58.3100,57.6700,139336.0000,57.9900,59.0660,59.7229,60.5770,60.3950,60.0957,-0.0055,0.0100,-0.3171,376691.9500,0.3699,0.0312
94,94,2025-05-28,58.1700,57.5900,58.3900,57.4300,137170.0000,57.8833,58.2760,59.1271,59.9980,60.4680,60.2614,-0.0048,0.0200,-0.0155,363399.4000,0.3775,0.0303
95,95,2025-05-29,58.2300,58.3500,58.5600,57.9000,197672.0000,57.9367,57.9820,58.7529,59.6620,60.3900,60.3671,0.0132,0.0100,0.4411,341338.3500,0.5791,0.0262
96,96,2025-05-30,58.0100,57.7000,58.0600,57.4400,171666.0000,57.8800,57.9400,58.2043,59.1700,60.3445,60.2619,-0.0111,0.0100,-0.1316,333842.3500,0.5142,0.0259
97,97,2025-06-03,57.2900,57.5100,57.7900,57.1800,121818.0000,57.8533,57.8040,57.8743,58.7450,60.3245,60.2095,-0.0033,0.0100,-0.2904,328339.8500,0.3710,0.0258
98,98,2025-06-04,57.7700,58.2800,58.6100,57.7600,176090.0000,57.8300,57.8860,57.9271,58.4760,60.2635,60.2271,0.0134,0.0100,0.4455,321935.7000,0.5470,0.0252
99,99,2025-06-05,58.4400,58.6500,58.8100,57.8400,203137.0000,58.1467,58.0980,57.9929,58.1870,60.2255,60.1867,0.0063,0.0200,0.1536,311975.8000,0.6511,0.0252
100,100,2025-06-06,58.8700,58.1100,58.9100,58.0300,179973.0000,58.3467,58.0500,58.0271,58.0160,60.0680,60.1248,-0.0092,0.0200,-0.1140,300065.3500,0.5998,0.0241
101,101,2025-06-09,58.3000,60.3000,60.5000,58.1100,407230.0000,59.0200,58.5700,58.4143,58.2550,60.0915,60.0790,0.0377,0.0400,1.2627,307137.9000,1.3259,0.0252
102,102,2025-06-10,60.3100,61.4600,62.8100,60.1100,597203.0000,59.9567,59.3600,58.8586,58.5820,59.9415,60.1567,0.0192,0.0400,0.4665,299388.7000,1.9947,0.0183
103,103,2025-06-11,61.3600,61.5000,62.2700,61.0100,262466.0000,61.0867,60.0040,59.4014,58.9450,59.7610,60.0157,0.0007,0.0200,-0.5605,280451.9500,0.9359,0.0181
104,104,2025-06-12,61.2600,61.5100,61.7300,60.3400,219082.0000,61.4900,60.5760,59.9729,59.3370,59.6675,59.8443,0.0002,0.0200,-0.1653,266836.7500,0.8210,0.0172
105,105,2025-06-13,61.2700,60.7800,61.9700,60.7200,208739.0000,61.2633,61.1100,60.3300,59.5800,59.6210,59.7205,-0.0119,0.0200,-0.0472,259079.0500,0.8057,0.0163
106,106,2025-06-16,60.5700,61.6200,62.6900,60.4400,218785.0000,61.3033,61.3740,60.7543,59.9720,59.5710,59.7162,0.0138,0.0400,0.0481,247967.5500,0.8823,0.0163
107,107,2025-06-17,61.7200,61.1500,61.8300,60.7900,163904.0000,61.1833,61.3120,61.1886,60.3360,59.5405,59.6462,-0.0076,0.0200,-0.2508,246689.2500,0.6644,0.0161
108,108,2025-06-18,63.3800,63.6100,63.9700,62.3900,481590.0000,62.1267,61.7340,61.6614,60.8690,59.6725,59.7343,0.0402,0.0300,1.9382,255703.3500,1.8834,0.0182
109,109,2025-06-19,63.2000,61.3500,63.5700,61.0600,332223.0000,62.0367,61.7020,61.6457,61.1390,59.6630,59.7524,-0.0355,0.0400,-0.3102,260589.8500,1.2749,0.0199
110,110,2025-06-20,61.1300,60.9900,62.8700,60.9300,252674.0000,61.9833,61.7440,61.5729,61.4270,59.7215,59.7262,-0.0059,0.0300,-0.2394,259851.9000,0.9724,0.0189
111,111,2025-06-23,60.5700,62.3200,62.7300,60.4600,265370.0000,61.5533,61.8840,61.6886,61.6290,59.9420,59.8452,0.0218,0.0400,0.0502,247007.7000,1.0743,0.0177
112,112,2025-06-24,62.5700,63.6000,64.3100,62.5700,292447.0000,62.3033,62.3740,62.0914,61.8430,60.2125,60.1162,0.0205,0.0300,0.1020,251428.7500,1.1631,0.0181
113,113,2025-06-25,63.6800,64.1500,64.2900,62.6200,297582.0000,63.3567,62.4820,62.4529,62.1080,60.5265,60.4000,0.0086,0.0300,0.0176,259341.0500,1.1475,0.0180
114,114,2025-06-26,63.8800,62.4900,63.9500,62.3900,274240.0000,63.4133,62.7100,62.6443,62.2060,60.7715,60.6200,-0.0259,0.0200,-0.0784,266194.5500,1.0302,0.0192
115,115,2025-06-27,62.7700,63.8000,65.0300,62.6200,430479.0000,63.4800,63.2720,62.6714,62.5080,61.0440,60.9157,0.0210,0.0400,0.5697,277834.9000,1.5494,0.0194
116,116,2025-06-30,64.4600,66.1400,66.6600,64.1800,516457.0000,64.1433,64.0360,63.3557,62.9600,61.4660,61.2867,0.0367,0.0400,0.1997,295074.4500,1.7503,0.0203
117,117,2025-07-01,65.8700,67.0600,67.6200,65.0700,388974.0000,65.6667,64.7280,64.2229,63.5510,61.9435,61.7324,0.0139,0.0400,-0.2468,308432.2500,1.2611,0.0202
118,118,2025-07-02,67.0700,66.8200,67.8200,66.4700,347079.0000,66.6733,65.2620,64.8657,63.8720,62.3705,62.1757,-0.0036,0.0200,-0.1077,316981.7000,1.0949,0.0203
119,119,2025-07-03,66.8200,68.1400,68.3700,65.9900,408961.0000,67.3400,66.3920,65.5143,64.5510,62.8450,62.6452,0.0198,0.0400,0.1783,327272.9000,1.2496,0.0205
120,120,2025-07-04,69.0300,66.0700,69.0300,66.0000,455857.0000,67.0100,66.8460,65.7886,65.0590,63.2430,62.9986,-0.0304,0.0400,0.1147,341067.1000,1.3366,0.0219
121,121,2025-07-07,65.7700,65.7700,66.9400,65.4000,228959.0000,66.6600,66.7720,66.2571,65.4040,63.5165,63.3633,-0.0045,0.0200,-0.4977,332153.5500,0.6893,0.0208
122,122,2025-07-08,65.8700,72.1400,72.9700,65.7300,1033123.0000,67.9933,67.7880,67.4486,66.2580,64.0505,63.9271,0.0969,0.1100,3.5123,353949.5500,2.9188,0.0292
123,123,2025-07-09,72.1500,71.7200,72.7500,71.0200,479074.0000,69.8767,68.7680,68.2457,67.0150,64.5615,64.4157,-0.0058,0.0200,-0.5363,364779.9500,1.3133,0.0294
124,124,2025-07-10,72.2000,74.8200,76.4600,72.2000,911805.0000,72.8933,70.1040,69.3543,68.2480,65.2270,65.0500,0.0432,0.0600,0.9033,399416.1000,2.2828,0.0303
125,125,2025-07-11,74.4800,74.5300,75.1300,73.7500,453636.0000,73.6900,71.7960,70.4557,69.3210,65.9145,65.6700,-0.0039,0.0200,-0.5025,411660.9500,1.1020,0.0300
126,126,2025-07-14,74.2800,73.9800,75.5300,72.3800,541007.0000,74.4433,73.4380,71.2900,70.1050,66.5325,66.2986,-0.0074,0.0400,0.1926,427772.0500,1.2647,0.0303
127,127,2025-07-15,72.9700,73.5200,75.2700,72.4700,458560.0000,74.0100,73.7140,72.3543,70.7510,67.1510,66.8652,-0.0062,0.0400,-0.1524,442504.8500,1.0363,0.0303
128,128,2025-07-16,72.8700,72.8800,73.3900,71.6200,374272.0000,73.4600,73.9460,73.3700,71.3570,67.6145,67.4238,-0.0087,0.0200,-0.1838,437138.9500,0.8562,0.0296
129,129,2025-07-17,73.4200,72.4700,74.9100,71.7000,484780.0000,72.9567,73.4760,73.4171,71.7900,68.1705,67.8457,-0.0056,0.0400,0.2953,444766.8000,1.0900,0.0281
130,130,2025-07-18,72.3700,70.6300,72.7200,70.5700,468182.0000,71.9933,72.6960,73.2614,72.2460,68.6525,68.2876,-0.0254,0.0300,-0.0342,455542.2000,1.0277,0.0289
131,131,2025-07-21,70.8600,71.1200,71.3900,70.5000,269286.0000,71.4067,72.1240,72.7329,72.7810,69.0925,68.7700,0.0069,0.0100,-0.4248,455738.0000,0.5909,0.0287
132,132,2025-07-22,71.1700,72.5000,72.6300,70.5700,476144.0000,71.4167,71.9200,72.4429,72.8170,69.5375,69.2548,0.0194,0.0300,0.7682,464922.8500,1.0241,0.0287
133,133,2025-07-23,72.8400,71.4800,73.0500,71.1900,348097.0000,71.7000,71.6400,72.0857,72.7930,69.9040,69.6300,-0.0141,0.0300,-0.2689,467448.6000,0.7447,0.0291
134,134,2025-07-24,71.2400,74.7500,74.9100,71.0500,565165.0000,72.9100,72.0960,72.2614,72.7860,70.5170,70.1348,0.0457,0.0500,0.6236,481994.8500,1.1726,0.0294
135,135,2025-07-25,74.6700,74.1500,75.0200,74.0700,283789.0000,73.4600,72.8000,72.4429,72.7480,71.0345,70.6900,-0.0080,0.0100,-0.4979,474660.3500,0.5979,0.0295
136,136,2025-07-28,73.4100,72.5700,73.8600,72.2000,366090.0000,73.8233,73.0900,72.4571,72.6070,71.3560,71.1076,-0.0213,0.0200,0.2900,467142.0000,0.7837,0.0294
137,137,2025-07-29,72.5800,73.8200,74.4100,71.9700,336528.0000,73.5133,73.3540,72.9129,72.6370,71.6940,71.4733,0.0172,0.0300,-0.0808,464519.7000,0.7245,0.0294
138,138,2025-07-30,73.8700,72.9600,74.8200,72.3700,358467.0000,73.1167,73.6500,73.1757,72.6450,72.0010,71.7543,-0.0116,0.0300,0.0652,465089.1000,0.7707,0.0296
139,139,2025-07-31,72.3700,70.3700,74.0000,69.9200,464015.0000,72.3833,72.7740,72.8714,72.4350,72.1125,71.9233,-0.0355,0.0600,0.2944,467841.8000,0.9918,0.0307
140,140,2025-08-01,70.4000,73.6700,73.7500,70.2500,564926.0000,72.3333,72.6780,73.1843,72.7390,72.4925,72.1867,0.0469,0.0500,0.2175,473295.2500,1.1936,0.0313
141,141,2025-08-04,72.6400,72.1500,72.8300,70.9700,340957.0000,72.0633,72.5940,72.8129,72.8420,72.8115,72.4762,-0.0206,0.0300,-0.3965,478895.1500,0.7120,0.0318
142,142,2025-08-05,71.9400,73.7800,74.5700,71.0600,386697.0000,73.2000,72.5860,72.7600,72.9700,72.8935,72.8576,0.0226,0.0500,0.1342,446573.8500,0.8659,0.0238
143,143,2025-08-06,73.3700,75.2700,75.5900,73.3300,406342.0000,73.7333,73.0480,73.1457,73.3490,73.0710,73.0067,0.0202,0.0300,0.0508,442937.2500,0.9174,0.0241
144,144,2025-08-07,75.1700,73.1800,75.2600,72.8400,393196.0000,74.0767,73.6100,73.0543,73.1920,72.9890,73.0762,-0.0278,0.0300,-0.0324,417006.8000,0.9429,0.0230
145,145,2025-08-08,72.8900,79.9700,84.2700,72.8700,1191059.0000,76.1400,74.8700,74.0557,73.7740,73.2610,73.3214,0.0928,0.1600,2.0292,453877.9500,2.6242,0.0311
146,146,2025-08-11,80.0300,82.8900,83.1100,79.6700,852355.0000,78.6800,77.0180,75.8443,74.8060,73.7065,73.7195,0.0365,0.0400,-0.2844,469445.3500,1.8157,0.0318
147,147,2025-08-12,82.9700,86.4700,86.6500,81.1700,779843.0000,83.1100,79.5560,77.6729,76.0710,74.3540,74.3143,0.0432,0.0700,-0.0851,485509.5000,1.6062,0.0327
148,148,2025-08-13,86.3700,87.4000,88.2500,85.1000,695940.0000,85.5867,81.9820,79.8514,77.5150,75.0800,74.9752,0.0108,0.0400,-0.1076,501592.9000,1.3875,0.0324
149,149,2025-08-14,86.5500,86.3200,87.7600,84.8800,510081.0000,86.7300,84.6100,81.6429,79.1100,75.7725,75.6152,-0.0124,0.0300,-0.2671,502857.9500,1.0144,0.0326
150,150,2025-08-15,85.9700,92.6500,94.3700,85.7800,905614.0000,88.7900,87.1460,84.1257,81.0080,76.8735,76.5762,0.0733,0.1000,0.7754,524729.5500,1.7259,0.0345
151,151,2025-08-18,93.8700,93.7500,94.7400,92.2800,610163.0000,90.9067,89.3180,87.0643,83.1680,78.0050,77.6771,0.0119,0.0300,-0.3262,541773.4000,1.1262,0.0345
152,152,2025-08-19,93.3700,94.8400,98.2900,92.9400,730131.0000,93.7467,90.9920,89.1886,85.2740,79.1220,78.8067,0.0116,0.0600,0.1966,554472.7500,1.3168,0.0345
153,153,2025-08-20,93.8200,93.6500,95.0700,90.9700,597646.0000,94.0800,92.2420,90.7257,87.1120,80.2305,79.8138,-0.0125,0.0400,-0.1815,566950.2000,1.0541,0.0344
154,154,2025-08-21,92.8300,90.8600,93.0300,90.4200,498125.0000,93.1167,93.1500,91.3529,88.8800,81.0360,80.7367,-0.0298,0.0300,-0.1665,563598.2000,0.8838,0.0349
155,155,2025-08-22,90.3600,96.2300,97.1900,90.1700,676815.0000,93.5800,93.8660,92.6143,90.5060,82.1400,81.7595,0.0591,0.0800,0.3587,583249.5000,1.1604,0.0362
156,156,2025-08-25,98.0700,100.9700,101.8700,97.8500,741928.0000,96.0200,95.3100,94.7071,92.3140,83.5600,83.0367,0.0493,0.0400,0.0962,602041.4000,1.2324,0.0361
157,157,2025-08-26,100.2900,95.3800,100.2900,93.9700,1148609.0000,97.5267,95.4180,95.0971,93.2050,84.6380,84.1229,-0.0554,0.0600,0.5481,642645.4500,1.7873,0.0396
158,158,2025-08-27,93.9200,93.4800,97.7300,92.9100,841303.0000,96.6100,95.3840,95.0586,93.8130,85.6640,85.0590,-0.0199,0.0500,-0.2675,666787.2500,1.2617,0.0399
159,159,2025-08-28,92.9700,97.9300,99.0300,92.8700,822619.0000,95.5967,96.7980,95.5000,94.9740,87.0420,86.2481,0.0476,0.0700,-0.0222,684717.4500,1.2014,0.0389
160,160,2025-08-29,97.9200,98.2400,101.7300,96.0900,763179.0000,96.5500,97.2000,96.1557,95.5330,88.2705,87.5752,0.0032,0.0600,-0.0723,694630.1000,1.0987,0.0383
161,161,2025-09-01,97.9500,97.5700,99.7600,96.3800,591161.0000,97.9133,96.5200,97.1143,95.9150,89.5415,88.7133,-0.0068,0.0300,-0.2254,707140.3000,0.8360,0.0378
162,162,2025-09-02,98.0600,98.0200,103.7400,97.2300,842460.0000,97.9433,97.0480,97.3700,96.2330,90.7535,89.9452,0.0046,0.0700,0.4251,729928.4500,1.1542,0.0378
163,163,2025-09-03,99.6700,113.2700,117.3700,98.3700,1429194.0000,102.9533,101.0060,99.1271,98.1950,92.6535,91.8257,0.1556,0.1900,0.6965,781071.0500,1.8298,0.0492
164,164,2025-09-04,116.8700,114.3700,122.4500,111.4300,1651818.0000,108.5533,104.2940,101.8400,100.5460,94.7130,93.6876,0.0097,0.1000,0.1558,844002.1500,1.9571,0.0479
165,165,2025-09-05,114.5600,133.7100,136.0300,114.5600,1699411.0000,120.4500,111.3880,107.5871,104.2940,97.4000,96.5700,0.1691,0.1900,0.0288,869419.7500,1.9546,0.0561
166,166,2025-09-08,138.4700,135.3500,145.2400,132.1300,1886972.0000,127.8100,118.9440,112.9329,107.7320,100.0230,99.2071,0.0123,0.1000,0.1104,921150.6000,2.0485,0.0561
167,167,2025-09-09,130.5700,128.2500,133.7100,126.7900,1307013.0000,132.4367,124.9900,117.2200,111.0190,102.1120,101.3671,-0.0525,0.0500,-0.3073,947509.1000,1.3794,0.0586
168,168,2025-09-10,125.6800,126.6700,129.7300,123.4700,1197389.0000,130.0900,127.6700,121.3771,114.3380,104.0755,103.2814,-0.0123,0.0500,-0.0839,972581.5500,1.2311,0.0591
169,169,2025-09-11,124.9000,135.7100,135.7100,121.8700,1346651.0000,130.2100,131.9380,126.7614,118.1160,106.5450,105.5819,0.0714,0.1100,0.1247,1014410.0500,1.3275,0.0596
170,170,2025-09-12,134.3400,132.2900,139.3700,130.8700,1129502.0000,131.5567,131.6540,129.4786,121.5210,108.5270,107.7710,-0.0252,0.0600,-0.1613,1025604.4500,1.1013,0.0594
171,171,2025-09-15,136.3700,135.0400,147.6900,134.9400,1509708.0000,134.3467,131.5920,132.4314,125.2680,110.5915,109.7895,0.0208,0.1000,0.3366,1070581.7000,1.4102,0.0594
172,172,2025-09-16,136.1800,138.6800,141.4500,134.0400,1085243.0000,135.3367,133.6780,133.1414,129.3340,112.7835,111.9290,0.0270,0.0500,-0.2812,1088337.3000,0.9972,0.0594
173,173,2025-09-17,139.1700,139.3600,142.6100,135.5700,932697.0000,137.6933,136.2160,133.7143,131.9430,115.0690,114.0490,0.0049,0.0500,-0.1406,1105089.8500,0.8440,0.0590
174,174,2025-09-18,138.3700,140.9200,146.4800,134.2300,1357717.0000,139.6533,137.2580,135.5243,134.5980,117.5720,116.3000,0.0112,0.0900,0.4557,1148069.4500,1.1826,0.0578
175,175,2025-09-19,139.4400,135.5700,140.6700,135.2500,853179.0000,138.6167,137.9140,136.7957,134.7840,119.5390,118.4290,-0.0380,0.0400,-0.3716,1156887.6500,0.7375,0.0587
176,176,2025-09-22,134.3700,135.6000,137.3700,132.9300,669259.0000,137.3633,138.0260,136.7800,134.8090,121.2705,120.3038,0.0002,0.0300,-0.2156,1153254.2000,0.5803,0.0584
177,177,2025-09-23,135.5700,141.9100,146.9200,135.5700,1186586.0000,137.6933,138.6720,138.1543,136.1750,123.5970,122.2533,0.0465,0.0800,0.7730,1155153.0500,1.0272,0.0562
178,178,2025-09-24,141.7800,152.5700,154.3700,141.3900,1194407.0000,143.3600,141.3140,140.6586,138.7650,126.5515,124.9767,0.0751,0.0900,0.0066,1172808.2500,1.0184,0.0566
179,179,2025-09-25,152.3500,158.2100,161.6200,150.2300,1021988.0000,150.8967,144.7720,143.4486,141.0150,129.5655,128.0590,0.0370,0.0700,-0.1444,1182776.7000,0.8641,0.0564
180,180,2025-09-26,158.2100,155.8700,165.8500,155.3700,899797.0000,155.5500,148.8320,145.8071,143.3730,132.4470,130.8181,-0.0148,0.0700,-0.1196,1189607.6000,0.7564,0.0569
181,181,2025-09-29,161.3700,163.3700,168.1700,159.4700,995394.0000,159.1500,154.3860,149.0143,146.2060,135.7370,133.9195,0.0481,0.0600,0.1062,1209819.2500,0.8228,0.0567
182,182,2025-09-30,163.3700,160.3500,166.0600,155.5800,928505.0000,159.8633,158.0740,152.5543,148.3730,138.8535,136.9090,-0.0185,0.0600,-0.0672,1214121.5000,0.7648,0.0574
183,183,2025-10-09,160.2500,157.2600,163.2700,156.0300,918541.0000,160.3267,159.0120,155.6486,150.1630,141.0530,139.7300,-0.0193,0.0500,-0.0107,1188588.8500,0.7728,0.0494
184,184,2025-10-10,154.1000,144.8900,156.5700,143.3700,1125002.0000,154.1667,156.3480,156.0743,150.5600,142.5790,141.2357,-0.0787,0.0800,0.2248,1162248.0500,0.9680,0.0539
185,185,2025-10-13,137.3900,139.5900,142.7500,134.4700,1078104.0000,147.2467,153.0920,154.2200,150.9620,142.8730,142.4367,-0.0366,0.0600,-0.0417,1131182.7000,0.9531,0.0406
186,186,2025-10-14,143.2100,138.1600,149.3700,137.4700,1036142.0000,140.8800,148.0500,151.3557,151.2180,143.0135,142.6486,-0.0102,0.0900,-0.0389,1088641.2000,0.9518,0.0406
187,187,2025-10-15,138.2000,149.7700,150.4500,134.5000,1081695.0000,142.5067,145.9340,150.4843,152.0040,144.0895,143.3352,0.0840,0.1200,0.0440,1077375.3000,1.0040,0.0425
188,188,2025-10-16,148.1500,161.3700,163.1300,147.3700,1282795.0000,149.7667,146.7560,150.1986,152.8840,145.8245,144.9124,0.0775,0.1100,0.1859,1081645.6000,1.1860,0.0448
189,189,2025-10-17,158.5500,143.5800,159.3000,143.3500,1211395.0000,151.5733,146.4940,147.8029,151.4210,146.2180,145.7176,-0.1102,0.1000,-0.0557,1074882.8000,1.1270,0.0504
190,190,2025-10-20,148.3100,147.9400,152.5000,145.9700,818533.0000,150.9633,148.1640,146.4714,150.6280,147.0005,146.3000,0.0304,0.0500,-0.3243,1059334.3500,0.7727,0.0503
191,191,2025-10-21,149.1100,152.1000,156.3100,143.3100,813693.0000,147.8733,150.9520,147.5014,149.5010,147.8535,147.2433,0.0281,0.0900,-0.0059,1024533.6000,0.7942,0.0504
192,192,2025-10-22,150.3100,148.6300,151.6400,146.7600,507599.0000,149.5567,150.7240,148.7929,148.3290,148.3510,147.8905,-0.0228,0.0300,-0.3762,995651.4000,0.5098,0.0506
193,193,2025-10-23,147.4400,152.8300,153.6000,146.1900,566897.0000,151.1867,149.0160,150.8886,147.8860,149.0245,148.5643,0.0283,0.0500,0.1168,977361.4000,0.5800,0.0509
194,194,2025-10-24,155.3100,164.3100,164.9600,153.3100,910662.0000,155.2567,153.1620,152.9657,149.8280,150.1940,149.7524,0.0751,0.0800,0.6064,955008.6500,0.9536,0.0532
195,195,2025-10-27,168.4900,166.2600,171.9400,161.9700,943953.0000,161.1333,156.8260,153.6643,152.4950,151.7285,150.9590,0.0119,0.0600,0.0366,959547.3500,0.9837,0.0520
196,196,2025-10-28,163.3300,165.1900,168.8100,161.3900,650094.0000,165.2533,159.4440,156.7514,155.1980,153.2080,152.3695,-0.0064,0.0400,-0.3113,958589.1000,0.6782,0.0521
197,197,2025-10-29,169.3000,190.8000,194.2800,168.2200,1452907.0000,174.0833,167.8780,162.8743,159.3010,155.6525,154.9981,0.1550,0.1600,1.2349,971905.1500,1.4949,0.0609
198,198,2025-10-30,194.2100,193.9900,203.1900,191.6200,1271753.0000,183.3267,176.1100,168.8586,162.5630,157.7235,157.4781,0.0167,0.0600,-0.1247,975772.4500,1.3033,0.0593
199,199,2025-10-31,194.9000,189.1100,202.6900,186.8000,985390.0000,191.3000,181.0700,174.6414,167.1160,159.2685,159.2181,-0.0252,0.0800,-0.2252,973942.5500,1.0118,0.0597
200,200,2025-11-03,192.3800,198.7800,199.1900,187.3100,1009447.0000,193.9600,187.5740,181.2057,172.2000,161.4140,161.1500,0.0511,0.0600,0.0244,979425.0500,1.0307,0.0600
201,201,2025-11-04,199.3100,186.5000,199.4200,185.0300,1038219.0000,191.4633,191.8360,184.3757,175.6400,162.5705,162.6086,-0.0618,0.0700,0.0285,981566.3000,1.0577,0.0617
202,202,2025-11-05,180.6200,199.8100,201.9900,180.6200,1210056.0000,195.0300,193.6380,189.1686,180.7580,164.5435,164.3438,0.0714,0.1100,0.1655,995643.8500,1.2154,0.0629
203,203,2025-11-06,201.2700,204.7100,209.1900,197.3000,1066136.0000,197.0067,195.7820,194.8143,185.9460,166.9160,166.4562,0.0245,0.0600,-0.1189,1003023.6000,1.0629,0.0625
204,204,2025-11-07,201.3200,200.3100,208.8100,199.1900,754301.0000,201.6100,198.0220,196.1729,189.5460,169.6870,168.5062,-0.0215,0.0500,-0.2925,984488.5500,0.7662,0.0592
205,205,2025-11-10,202.5100,193.3100,204.3100,188.7000,902088.0000,199.4433,196.9280,196.0757,192.2510,172.3730,170.8119,-0.0349,0.0800,0.1959,975687.7500,0.9246,0.0591
206,206,2025-11-11,199.3100,192.3100,203.3300,190.4100,800191.0000,195.3100,198.0900,196.5329,194.9630,175.0805,173.3224,-0.0052,0.0700,-0.1130,963890.2000,0.8302,0.0590
207,207,2025-11-12,188.1800,186.9400,192.1600,181.5200,879893.0000,190.8533,195.5160,194.8414,194.5770,176.9390,175.6452,-0.0279,0.0600,0.0996,953800.1000,0.9225,0.0577
208,208,2025-11-13,189.5400,189.8200,194.2300,185.4200,852416.0000,189.6900,192.5380,195.3157,194.1600,178.3615,177.5524,0.0154,0.0500,-0.0312,932281.1500,0.9143,0.0557
209,209,2025-11-14,184.3100,184.3100,193.4100,183.4200,651853.0000,187.0233,189.3380,193.1014,193.6800,180.3980,178.6448,-0.0290,0.0500,-0.2353,904304.0500,0.7208,0.0491
210,210,2025-11-17,181.8500,183.1000,186.3000,180.0100,572551.0000,185.7433,187.2960,190.0143,192.1120,182.1560,180.5267,-0.0066,0.0300,-0.1217,892004.9500,0.6419,0.0491
211,211,2025-11-18,183.0000,174.3300,183.7900,172.0600,834770.0000,180.5800,183.7000,186.3029,190.8950,183.2675,181.7833,-0.0479,0.0600,0.4580,893058.8000,0.9347,0.0507
212,212,2025-11-19,173.3400,175.8100,179.0800,172.8100,488869.0000,177.7467,181.4740,183.8029,188.4950,184.6265,182.9124,0.0085,0.0400,-0.4144,892122.3000,0.5480,0.0502
213,213,2025-11-20,180.3100,176.6700,184.0300,176.0700,599554.0000,175.6033,178.8440,181.5686,185.6910,185.8185,184.2476,0.0049,0.0500,0.2264,893755.1500,0.6708,0.0500
214,214,2025-11-21,169.3300,167.2000,173.5600,166.8200,690453.0000,173.2267,175.4220,178.7486,182.3800,185.9630,184.9319,-0.0536,0.0400,0.1516,882744.7000,0.7822,0.0492
215,215,2025-11-24,169.2900,166.7300,171.0900,163.6900,587924.0000,170.2000,172.1480,175.4500,179.7220,185.9865,185.0471,-0.0028,0.0400,-0.1485,864943.2500,0.6797,0.0492
216,216,2025-11-25,171.6100,175.0200,179.2600,168.5100,772329.0000,169.6500,172.2860,174.1229,177.9930,186.4780,185.4643,0.0497,0.0600,0.3137,871055.0000,0.8867,0.0503
217,217,2025-11-26,174.5000,181.8400,187.2300,172.4600,840096.0000,174.5300,173.4920,173.9429,177.4830,186.0300,186.2571,0.0390,0.0800,0.0877,840414.4500,0.9996,0.0369
218,218,2025-11-27,186.3100,180.2400,192.1900,179.4700,747179.0000,179.0333,174.2060,174.7871,176.5250,185.3425,185.7543,-0.0088,0.0700,-0.1106,814185.7500,0.9177,0.0367
219,219,2025-11-28,179.3400,182.2100,186.8000,179.3400,512084.0000,181.4300,177.2080,175.7014,176.3150,184.9975,185.1933,0.0109,0.0400,-0.3146,790520.4500,0.6478,0.0364
220,220,2025-12-01,182.3100,178.8700,183.2200,173.6300,599315.0000,180.4400,179.6360,176.0157,175.8920,184.0020,184.7057,-0.0183,0.0500,0.1703,770013.8500,0.7783,0.0344
221,221,2025-12-02,177.4500,178.0100,179.8100,174.3100,333052.0000,179.6967,180.2340,177.5600,176.2600,183.5775,183.7167,-0.0048,0.0300,-0.4443,734755.5000,0.4533,0.0317
222,222,2025-12-03,180.9600,176.4400,182.8900,175.1100,460249.0000,177.7733,179.1540,178.9471,176.3230,182.4090,183.2376,-0.0088,0.0400,0.3819,697265.1500,0.6601,0.0266
223,223,2025-12-04,175.4500,176.8600,178.0100,173.5900,346956.0000,177.1033,178.4780,179.2100,176.3420,181.0165,182.1448,0.0024,0.0300,-0.2462,661306.1500,0.5247,0.0257
224,224,2025-12-05,179.3100,181.3100,183.9700,174.8100,571587.0000,178.2033,178.2980,179.1343,177.7530,180.0665,181.0305,0.0252,0.0500,0.6474,652170.4500,0.8764,0.0264
225,225,2025-12-08,181.4200,183.5900,187.5100,176.6100,705346.0000,180.5867,179.2420,179.6129,179.4390,179.5805,180.2343,0.0126,0.0600,0.2340,642333.3500,1.0981,0.0257
226,226,2025-12-09,183.1900,185.3100,190.9100,180.4100,639694.0000,183.4033,180.7020,180.0557,180.4680,179.2305,179.8533,0.0094,0.0600,-0.0931,634308.5000,1.0085,0.0258
227,227,2025-12-10,185.5100,177.4000,186.0100,174.6200,746145.0000,182.1000,180.8940,179.8457,180.0240,178.7535,179.1433,-0.0427,0.0600,0.1664,627621.1000,1.1888,0.0268
228,228,2025-12-11,177.3100,173.3600,183.0100,173.2800,652352.0000,178.6900,180.1940,179.1814,179.3360,177.9305,178.4967,-0.0228,0.0500,-0.1257,617617.9000,1.0562,0.0268
229,229,2025-12-12,176.3100,174.2900,177.8900,169.5100,815469.0000,175.0167,178.7900,178.8743,178.5440,177.4295,177.7571,0.0054,0.0500,0.2500,625798.7000,1.3031,0.0262
230,230,2025-12-15,170.8900,169.5100,173.3100,167.5100,563588.0000,172.3867,175.9740,177.8243,177.6080,176.7500,177.0524,-0.0274,0.0300,-0.3089,625350.5500,0.9012,0.0268
231,231,2025-12-16,168.8100,163.2800,168.8100,159.5800,716009.0000,169.0267,171.5680,175.2486,176.1350,176.1975,176.1086,-0.0368,0.0500,0.2704,619412.5000,1.1559,0.0259
232,232,2025-12-17,161.8200,168.8100,169.9600,161.8200,571040.0000,167.2000,169.8500,173.1371,175.3720,175.8475,175.8457,0.0339,0.0500,-0.2025,623521.0500,0.9158,0.0271
233,233,2025-12-18,165.8000,160.6200,165.8000,160.5400,556222.0000,164.2367,167.3020,169.6100,173.7480,175.0450,175.1224,-0.0485,0.0300,-0.0259,621354.4500,0.8952,0.0290
234,234,2025-12-19,162.3300,163.3600,164.8500,160.4200,441769.0000,164.2633,165.1160,167.6043,171.9530,174.8530,174.4886,0.0171,0.0300,-0.2058,608920.2500,0.7255,0.0269
235,235,2025-12-22,165.3100,166.8700,169.2800,163.4200,568137.0000,163.6167,164.5880,166.6771,170.2810,174.8600,174.4729,0.0215,0.0400,0.2860,607930.9000,0.9345,0.0274
236,236,2025-12-23,166.8100,167.3000,169.9000,164.8900,505760.0000,165.8433,165.3920,165.6786,168.4800,174.4740,174.5000,0.0026,0.0300,-0.1098,594602.4500,0.8506,0.0248
237,237,2025-12-24,165.4200,165.1900,165.8600,162.8900,505601.0000,166.4533,164.6680,165.0614,167.2590,173.6415,174.0319,-0.0126,0.0200,-0.0003,577877.7000,0.8749,0.0229
238,238,2025-12-25,164.0600,167.1900,168.2100,163.1100,479944.0000,166.5600,165.9820,165.6200,166.6420,172.9890,173.3343,0.0121,0.0300,-0.0507,564515.9500,0.8502,0.0232
239,239,2025-12-26,169.1900,180.3900,184.4900,168.1600,1148186.0000,170.9233,169.3880,167.2743,167.2520,172.8980,173.3414,0.0790,0.1000,1.3923,596321.0500,1.9254,0.0296
240,240,2025-12-29,181.3100,175.0300,182.2400,174.3600,698913.0000,174.2033,171.0200,169.3329,167.8040,172.7060,172.9995,-0.0297,0.0400,-0.3913,601300.9500,1.1623,0.0300
241,241,2025-12-30,174.4100,178.3800,179.8200,172.9900,564848.0000,177.9333,173.2360,171.4786,169.3140,172.7245,172.9762,0.0191,0.0400,-0.1918,612890.7500,0.9216,0.0303
242,242,2025-12-31,179.2700,170.3500,179.5100,170.3400,518959.0000,174.5867,174.2680,171.9757,169.4680,172.4200,172.6114,-0.0450,0.0500,-0.0812,615826.2500,0.8427,0.0320
