stock_code,stock_name,annualized_volatility,average_turnover,large_move_rate,volume_surge_rate,activity_score,activity_style,relative_activity_profile,limit_up_count,failed_limit_up_rate,maximum_consecutive_limit_up_days,consolidation_day_rate,market_style
sz002361,神剑股份,0.5893072689667352,0.0836016460905349,0.1358024691358024,0.0864197530864197,0.9296875,highly_active,high_activity,17,0.2608695652173913,8,0.3539094650205761,active_mixed
sz002067,景兴纸业,0.5376757698579584,0.0972559670781893,0.1069958847736625,0.0987654320987654,0.8984375,highly_active,high_activity,12,0.1428571428571428,3,0.1193415637860082,active_mixed
sz002600,领益智造,0.5329529555590161,0.0315102880658436,0.1111111111111111,0.0864197530864197,0.8203125,highly_active,high_activity,7,0.125,2,0.1440329218106996,active_trending
sz300274,阳光电源,0.5928055971434515,0.0360205761316872,0.1069958847736625,0.0534979423868312,0.7734375,active,high_activity,0,,0,0.1646090534979424,active_mixed
sz300433,蓝思科技,0.6003367027077128,0.0158584362139917,0.1152263374485596,0.0658436213991769,0.7109375,active,high_activity,0,1.0,0,0.0452674897119341,active_trending
sh603259,药明康德,0.4663532538143152,0.0179008230452674,0.0864197530864197,0.0534979423868312,0.59375,moderately_active,moderate_activity,1,0.5,1,0.1687242798353909,balanced
sz002129,TCL中环,0.3745736136822015,0.0217962962962962,0.0452674897119341,0.0658436213991769,0.5703125,moderately_active,moderate_activity,2,0.3333333333333333,2,0.4732510288065844,moderate_consolidating
sh603799,华友钴业,0.455638398057636,0.0333226337448559,0.0781893004115226,0.037037037037037,0.5390625,moderately_active,moderate_activity,0,1.0,0,0.1316872427983539,moderate_trending
sh600438,通威股份,0.4474105343858588,0.0167139917695473,0.074074074074074,0.0576131687242798,0.53125,moderately_active,moderate_activity,3,0.4,1,0.0781893004115226,moderate_trending
sh600231,凌钢股份,0.3843437324159522,0.0091555555555555,0.0452674897119341,0.074074074074074,0.453125,moderately_active,moderate_activity,4,0.3333333333333333,1,0.2181069958847736,balanced
sh601012,隆基绿能,0.3551020672936478,0.0163255144032921,0.0452674897119341,0.0534979423868312,0.390625,moderately_active,moderate_activity,1,0.5,1,0.4444444444444444,balanced
sz002230,科大讯飞,0.3129648630147779,0.020212757201646,0.0288065843621399,0.0452674897119341,0.3671875,moderately_active,moderate_activity,0,,0,0.4320987654320987,moderate_consolidating
sh601500,通用股份,0.2953561536963109,0.0202451882845188,0.0209205020920502,0.0502092050209205,0.359375,quiet,moderate_activity,2,0.5,1,0.6778242677824268,moderate_consolidating
sh600763,通策医疗,0.2840887990944368,0.0165411522633744,0.0205761316872428,0.0452674897119341,0.21875,quiet,low_activity,1,0.0,1,0.7366255144032922,quiet_consolidating
sh601636,旗滨集团,0.2956051555442029,0.0116633744855967,0.0205761316872428,0.0411522633744856,0.1796875,quiet,low_activity,0,,0,0.5020576131687243,quiet_consolidating
sz000100,TCL科技,0.2658838233829591,0.0177502057613168,0.0041152263374485,0.037037037037037,0.1640625,quiet,low_activity,0,,0,0.7613168724279835,quiet_consolidating
