stock_code,stock_name,revenue_yoy,parent_net_profit_yoy,gross_margin,net_margin,roe,debt_to_asset_ratio,current_ratio,growth_score,profitability_score,financial_strength_score,fundamental_score,growth_profile,profitability_profile
sh603259,药明康德,0.1583717565579999,1.0264505171490002,0.4763871049709238,0.4253122885089785,0.2768525302729772,0.2218099315081841,3.206456766414526,0.8958333333333334,0.9791666666666666,1.0,0.9583333333333334,strong_growth,high_profitability
sz002230,科大讯飞,0.1611739080999999,0.4984769899239999,0.423568340762061,0.0313394717093768,0.0458835871787024,0.5572054364447753,1.3675426796105503,0.8125,0.6875,0.6875,0.7291666666666666,strong_growth,high_profitability
sz300274,阳光电源,0.145489746169,0.21972995167,0.3183170107276982,0.1517402148167933,0.3223643194557095,0.5806191218287964,1.6675243861454787,0.6041666666666666,0.8958333333333334,0.6875,0.7291666666666666,moderate_growth,high_profitability
sh600763,通策医疗,0.013683945133,0.001879385751,0.3862825243408788,0.2019462641421619,0.1215101655304263,0.2437549744208786,1.4856901734036585,0.2916666666666667,0.875,0.875,0.6805555555555557,weak_growth,high_profitability
sz002600,领益智造,0.161985707963,0.303378130501,0.1580244696822634,0.0452434900986207,0.104399155788072,0.5793133241602092,1.1811523840414944,0.8333333333333334,0.6875,0.5,0.6736111111111112,strong_growth,high_profitability
sh603799,华友钴业,0.329361304158,0.470670478997,0.1746951235922132,0.0928212666224605,0.1433670025250111,0.6185296975108024,0.953692314794046,0.875,0.8125,0.28125,0.65625,strong_growth,high_profitability
sz300433,蓝思科技,0.064565999913,0.108702319698,0.1599021758677613,0.0543042515445987,0.077504583237703,0.3468347447201257,1.242352453980175,0.5833333333333334,0.6875,0.6875,0.6527777777777778,moderate_growth,high_profitability
sz002067,景兴纸业,0.097163066357,-0.221798625966,0.0645762340297826,0.0098898075971489,0.0088800216404065,0.2652266643178722,1.9613933225566849,0.5,0.375,0.90625,0.59375,moderate_growth,moderate_profitability
sh601636,旗滨集团,0.005628817407,0.618058158622,0.1311423307581867,0.0393957584084324,0.0438734901829846,0.5350847123928105,1.1282026509055627,0.5208333333333334,0.5208333333333334,0.53125,0.5243055555555556,moderate_growth,moderate_profitability
sz000100,TCL科技,0.116681291577,1.88776123449,0.1315085192579115,0.0011608812648262,0.0788266595721124,0.6422611435662998,0.9739030861298122,0.6458333333333334,0.5208333333333334,0.28125,0.4826388888888889,moderate_growth,moderate_profitability
sz002361,神剑股份,0.000431817846,-0.604817296576,0.1343530033529345,-0.0030903192583992,0.0060073946532646,0.5143969653829333,1.304969274351729,0.3125,0.3958333333333333,0.71875,0.4756944444444444,weak_growth,moderate_profitability
sh601500,通用股份,0.221113962183,-0.461360125614,0.1305805989613897,0.0236545511459697,0.0331779974333511,0.5844398328689765,0.7853450425746874,0.4375,0.4375,0.28125,0.3854166666666667,moderate_growth,moderate_profitability
sh601012,隆基绿能,-0.148157984834,0.252853778426,0.008097714983805,-0.0925371351192124,-0.1114819090288855,0.6442804382295411,1.290800795534483,0.375,0.22916666666666666,0.4375,0.34722222222222215,moderate_growth,low_profitability
sh600438,通威股份,-0.085506533657,-0.357260287758,0.0270048923726586,-0.1295745347928951,-0.2187647159723351,0.726337620176727,1.187787496932536,0.16666666666666666,0.1875,0.3125,0.2222222222222222,weak_growth,low_profitability
sz002129,TCL中环,0.022230001955,0.056483548269,-0.0635918238250771,-0.3401907162534238,-0.3499089420850502,0.6664016569561547,1.0366724863994283,0.2916666666666667,0.0625,0.25,0.20138888888888892,weak_growth,low_profitability
sh600231,凌钢股份,-0.134633622036,0.07220941864,-0.0595868475765182,-0.0994360493670879,-0.3228750587431468,0.7397991102643348,0.3717215924031101,0.3541666666666667,0.14583333333333334,0.0625,0.1875,moderate_growth,low_profitability
