stock_code,stock_name,fundamental_summary,valuation_summary,activity_summary,limit_event_summary,consolidation_summary,capital_behavior_summary,market_style,fundamental_score,activity_score,consolidation_score
sh603259,药明康德,高增长、高盈利能力；营收同比 15.84%，归母净利润同比 102.65%，ROE 27.69%,中等估值；PE(TTM)中位数 19.32，PB中位数 3.43,中等活跃，交易风格为均衡型；年化波动率 46.64%，平均换手率 0.02，大幅波动日占比 8.64%，放量日占比 5.35%,涨停事件特征中等；全年涨停 1 次，跌停 1 次，炸板率 50.00%，最大连续涨停 1 天,趋势与整理混合；整理交易日占比 16.87%，平均整理周期 20.5 个交易日，平均箱体振幅 11.69%；活跃/中等/温和整理次数分别为 0/0/2,交易行为整体较为均衡，未观察到单一特征长期占据绝对主导。,均衡型,0.9583333333333334,0.59375,0.4375
sz002230,科大讯飞,高增长、高盈利能力；营收同比 16.12%，归母净利润同比 49.85%，ROE 4.59%,相对高估值；PE(TTM)中位数 166.61，PB中位数 6.44,中等活跃，交易风格为中等活跃整理型；年化波动率 31.30%，平均换手率 0.02，大幅波动日占比 2.88%，放量日占比 4.53%,涨停事件特征较弱；全年涨停 0 次，跌停 1 次，炸板率 N/A，最大连续涨停 0 天,整理结构占主导；整理交易日占比 43.21%，平均整理周期 35.0 个交易日，平均箱体振幅 8.51%；活跃/中等/温和整理次数分别为 0/0/3,交易行为整体较为均衡，未观察到单一特征长期占据绝对主导。,中等活跃整理型,0.7291666666666666,0.3671875,0.71875
sz300274,阳光电源,中等增长、高盈利能力；营收同比 14.55%，归母净利润同比 21.97%，ROE 32.24%,中等估值；PE(TTM)中位数 14.94，PB中位数 4.35,高活跃，交易风格为高活跃混合型；年化波动率 59.28%，平均换手率 0.04，大幅波动日占比 10.70%，放量日占比 5.35%,涨停事件特征较弱；全年涨停 0 次，跌停 0 次，炸板率 N/A，最大连续涨停 0 天,趋势与整理混合；整理交易日占比 16.46%，平均整理周期 20.0 个交易日，平均箱体振幅 9.85%；活跃/中等/温和整理次数分别为 0/0/2,交易行为整体较为均衡，未观察到单一特征长期占据绝对主导。,高活跃混合型,0.7291666666666666,0.7734375,0.375
sh600763,通策医疗,低增长、高盈利能力；营收同比 1.37%，归母净利润同比 0.19%，ROE 12.15%,相对高估值；PE(TTM)中位数 38.08，PB中位数 4.55,低活跃，交易风格为低活跃整理型；年化波动率 28.41%，平均换手率 0.02，大幅波动日占比 2.06%，放量日占比 4.53%,涨停事件特征中等；全年涨停 1 次，跌停 1 次，炸板率 0.00%，最大连续涨停 1 天,整理结构占主导；整理交易日占比 73.66%，平均整理周期 35.8 个交易日，平均箱体振幅 11.97%；活跃/中等/温和整理次数分别为 0/1/4,较长时间处于低波动整理状态，箱体运行相对温和，更接近低活跃、缓慢整理的交易行为特征。,低活跃整理型,0.6805555555555557,0.21875,0.90625
sz002600,领益智造,高增长、高盈利能力；营收同比 16.20%，归母净利润同比 30.34%，ROE 10.44%,相对高估值；PE(TTM)中位数 41.64，PB中位数 3.47,高活跃，交易风格为高活跃趋势型；年化波动率 53.30%，平均换手率 0.03，大幅波动日占比 11.11%，放量日占比 8.64%,涨停事件特征较强；全年涨停 7 次，跌停 2 次，炸板率 12.50%，最大连续涨停 2 天,趋势结构占主导；整理交易日占比 14.40%，平均整理周期 17.5 个交易日，平均箱体振幅 11.09%；活跃/中等/温和整理次数分别为 0/1/1,量价活跃度和涨停事件均处于样本较高水平，呈现较强的短期资金推动和事件驱动特征；该特征仅反映交易行为，不能据此证明存在特定主力操纵。,高活跃趋势型,0.6736111111111112,0.8203125,0.25
sh603799,华友钴业,高增长、高盈利能力；营收同比 32.94%，归母净利润同比 47.07%，ROE 14.34%,相对低估值；PE(TTM)中位数 15.63，PB中位数 1.79,中等活跃，交易风格为中等活跃趋势型；年化波动率 45.56%，平均换手率 0.03，大幅波动日占比 7.82%，放量日占比 3.70%,涨停事件特征较弱；全年涨停 0 次，跌停 1 次，炸板率 100.00%，最大连续涨停 0 天,趋势结构占主导；整理交易日占比 13.17%，平均整理周期 16.0 个交易日，平均箱体振幅 12.97%；活跃/中等/温和整理次数分别为 0/0/2,交易行为整体较为均衡，未观察到单一特征长期占据绝对主导。,中等活跃趋势型,0.65625,0.5390625,0.1875
sz300433,蓝思科技,中等增长、高盈利能力；营收同比 6.46%，归母净利润同比 10.87%，ROE 7.75%,中等估值；PE(TTM)中位数 34.80，PB中位数 2.70,高活跃，交易风格为高活跃趋势型；年化波动率 60.03%，平均换手率 0.02，大幅波动日占比 11.52%，放量日占比 6.58%,涨停事件特征较弱；全年涨停 0 次，跌停 1 次，炸板率 100.00%，最大连续涨停 0 天,趋势结构占主导；整理交易日占比 4.53%，平均整理周期 11.0 个交易日，平均箱体振幅 14.65%；活跃/中等/温和整理次数分别为 0/1/0,趋势运行特征明显且交易活跃，相比长期箱体整理，价格更容易出现快速方向性运动。,高活跃趋势型,0.6527777777777778,0.7109375,0.0625
sz002067,景兴纸业,中等增长、中等盈利能力；营收同比 9.72%，归母净利润同比 -22.18%，ROE 0.89%,中等估值；PE(TTM)中位数 123.64，PB中位数 0.96,高活跃，交易风格为高活跃混合型；年化波动率 53.77%，平均换手率 0.10，大幅波动日占比 10.70%，放量日占比 9.88%,涨停事件特征较强；全年涨停 12 次，跌停 2 次，炸板率 14.29%，最大连续涨停 3 天,趋势与整理混合；整理交易日占比 11.93%，平均整理周期 29.0 个交易日，平均箱体振幅 11.56%；活跃/中等/温和整理次数分别为 0/0/1,量价活跃度和涨停事件均处于样本较高水平，呈现较强的短期资金推动和事件驱动特征；该特征仅反映交易行为，不能据此证明存在特定主力操纵。,高活跃混合型,0.59375,0.8984375,0.46875
sh601636,旗滨集团,中等增长、中等盈利能力；营收同比 0.56%，归母净利润同比 61.81%，ROE 4.39%,相对低估值；PE(TTM)中位数 32.73，PB中位数 1.20,低活跃，交易风格为低活跃整理型；年化波动率 29.56%，平均换手率 0.01，大幅波动日占比 2.06%，放量日占比 4.12%,涨停事件特征较弱；全年涨停 0 次，跌停 0 次，炸板率 N/A，最大连续涨停 0 天,整理结构占主导；整理交易日占比 50.21%，平均整理周期 24.4 个交易日，平均箱体振幅 11.72%；活跃/中等/温和整理次数分别为 0/2/3,较长时间处于低波动整理状态，箱体运行相对温和，更接近低活跃、缓慢整理的交易行为特征。,低活跃整理型,0.5243055555555556,0.1796875,0.71875
sz000100,TCL科技,中等增长、中等盈利能力；营收同比 11.67%，归母净利润同比 188.78%，ROE 7.88%,中等估值；PE(TTM)中位数 36.56，PB中位数 1.62,低活跃，交易风格为低活跃整理型；年化波动率 26.59%，平均换手率 0.02，大幅波动日占比 0.41%，放量日占比 3.70%,涨停事件特征较弱；全年涨停 0 次，跌停 1 次，炸板率 N/A，最大连续涨停 0 天,整理结构占主导；整理交易日占比 76.13%，平均整理周期 37.0 个交易日，平均箱体振幅 12.57%；活跃/中等/温和整理次数分别为 0/1/4,较长时间处于低波动整理状态，箱体运行相对温和，更接近低活跃、缓慢整理的交易行为特征。,低活跃整理型,0.4826388888888889,0.1640625,0.96875
sz002361,神剑股份,低增长、中等盈利能力；营收同比 0.04%，归母净利润同比 -60.48%，ROE 0.60%,相对高估值；PE(TTM)中位数 173.05，PB中位数 2.70,高活跃，交易风格为高活跃混合型；年化波动率 58.93%，平均换手率 0.08，大幅波动日占比 13.58%，放量日占比 8.64%,涨停事件特征较强；全年涨停 17 次，跌停 4 次，炸板率 26.09%，最大连续涨停 8 天,趋势与整理混合；整理交易日占比 35.39%，平均整理周期 21.5 个交易日，平均箱体振幅 12.33%；活跃/中等/温和整理次数分别为 1/1/2,量价活跃度和涨停事件均处于样本较高水平，呈现较强的短期资金推动和事件驱动特征；该特征仅反映交易行为，不能据此证明存在特定主力操纵。,高活跃混合型,0.4756944444444444,0.9296875,0.53125
sh601500,通用股份,中等增长、中等盈利能力；营收同比 22.11%，归母净利润同比 -46.14%，ROE 3.32%,相对低估值；PE(TTM)中位数 22.97，PB中位数 1.24,中等活跃，交易风格为中等活跃整理型；年化波动率 29.54%，平均换手率 0.02，大幅波动日占比 2.09%，放量日占比 5.02%,涨停事件特征中等；全年涨停 2 次，跌停 1 次，炸板率 50.00%，最大连续涨停 1 天,整理结构占主导；整理交易日占比 67.78%，平均整理周期 54.0 个交易日，平均箱体振幅 10.97%；活跃/中等/温和整理次数分别为 1/0/2,交易行为整体较为均衡，未观察到单一特征长期占据绝对主导。,中等活跃整理型,0.3854166666666667,0.359375,0.9375
sh601012,隆基绿能,中等增长、低盈利能力；营收同比 -14.82%，归母净利润同比 25.29%，ROE -11.15%,市盈率为负（亏损状态）；PE(TTM)为负，反映样本期存在亏损，PB中位数 2.08,中等活跃，交易风格为均衡型；年化波动率 35.51%，平均换手率 0.02，大幅波动日占比 4.53%，放量日占比 5.35%,涨停事件特征中等；全年涨停 1 次，跌停 1 次，炸板率 50.00%，最大连续涨停 1 天,趋势与整理混合；整理交易日占比 44.44%，平均整理周期 21.6 个交易日，平均箱体振幅 12.59%；活跃/中等/温和整理次数分别为 0/2/3,交易行为整体较为均衡，未观察到单一特征长期占据绝对主导。,均衡型,0.3472222222222221,0.390625,0.625
sh600438,通威股份,低增长、低盈利能力；营收同比 -8.55%，归母净利润同比 -35.73%，ROE -21.88%,市盈率为负（亏损状态）；PE(TTM)为负，反映样本期存在亏损，PB中位数 2.01,中等活跃，交易风格为中等活跃趋势型；年化波动率 44.74%，平均换手率 0.02，大幅波动日占比 7.41%，放量日占比 5.76%,涨停事件特征较强；全年涨停 3 次，跌停 1 次，炸板率 40.00%，最大连续涨停 1 天,趋势结构占主导；整理交易日占比 7.82%，平均整理周期 19.0 个交易日，平均箱体振幅 11.07%；活跃/中等/温和整理次数分别为 0/0/1,涨停及相关事件较为突出，价格行为具有一定事件驱动特征，但不足以据此判断具体资金主体。,中等活跃趋势型,0.2222222222222222,0.53125,0.21875
sz002129,TCL中环,低增长、低盈利能力；营收同比 2.22%，归母净利润同比 5.65%，ROE -34.99%,市盈率为负（亏损状态）；PE(TTM)为负，反映样本期存在亏损，PB中位数 1.13,中等活跃，交易风格为中等活跃整理型；年化波动率 37.46%，平均换手率 0.02，大幅波动日占比 4.53%，放量日占比 6.58%,涨停事件特征较强；全年涨停 2 次，跌停 1 次，炸板率 33.33%，最大连续涨停 2 天,整理结构占主导；整理交易日占比 47.33%，平均整理周期 28.8 个交易日，平均箱体振幅 13.50%；活跃/中等/温和整理次数分别为 1/2/1,涨停及相关事件较为突出，价格行为具有一定事件驱动特征，但不足以据此判断具体资金主体。,中等活跃整理型,0.2013888888888889,0.5703125,0.71875
sh600231,凌钢股份,中等增长、低盈利能力；营收同比 -13.46%，归母净利润同比 7.22%，ROE -32.29%,市盈率为负（亏损状态）；PE(TTM)为负，反映样本期存在亏损，PB中位数 1.03,中等活跃，交易风格为均衡型；年化波动率 38.43%，平均换手率 0.01，大幅波动日占比 4.53%，放量日占比 7.41%,涨停事件特征较强；全年涨停 4 次，跌停 1 次，炸板率 33.33%，最大连续涨停 1 天,趋势与整理混合；整理交易日占比 21.81%，平均整理周期 17.7 个交易日，平均箱体振幅 13.13%；活跃/中等/温和整理次数分别为 1/0/2,涨停及相关事件较为突出，价格行为具有一定事件驱动特征，但不足以据此判断具体资金主体。,均衡型,0.1875,0.453125,0.375
