,date,open,close,high,low,amount,ma_3,ma_5,ma_7,ma_10,ma_20,ma_21
0,2025-01-02,22.1600,22.0900,22.7000,21.8200,479841.0000,,,,,,
1,2025-01-03,22.3000,21.2900,22.6000,21.2100,456906.0000,,,,,,
2,2025-01-06,21.3000,21.1400,21.8500,20.9500,612623.0000,21.5067,,,,,
3,2025-01-07,21.0800,21.1200,21.4000,20.9100,305497.0000,21.1833,,,,,
4,2025-01-08,21.0500,21.1500,21.3800,20.7100,370061.0000,21.1367,21.3580,,,,
5,2025-01-09,21.1500,20.9000,21.5900,20.7600,361234.0000,21.0567,21.1200,,,,
6,2025-01-10,20.9000,20.0500,21.0200,20.0500,352996.0000,20.7000,20.8720,21.1057,,,
7,2025-01-13,19.9800,20.1800,20.4200,19.8200,308106.0000,20.3767,20.6800,20.8329,,,
8,2025-01-14,20.3000,20.7100,20.8200,20.0500,341848.0000,20.3133,20.5980,20.7500,,,
9,2025-01-15,20.6600,21.5400,22.3700,20.2600,1032340.0000,20.8100,20.6760,20.8071,21.0170,,
10,2025-01-16,21.5400,21.7200,22.0600,21.3500,582488.0000,21.3233,20.8400,20.8929,20.9800,,
11,2025-01-17,21.6600,21.7200,22.1000,21.2000,379743.0000,21.6600,21.1740,20.9743,21.0230,,
12,2025-01-20,21.4500,21.1700,21.8700,21.0700,488948.0000,21.5367,21.3720,21.0129,21.0260,,
13,2025-01-21,21.2500,20.1900,21.3100,20.0500,628535.0000,21.0267,21.2680,21.0329,20.9330,,
14,2025-01-22,20.0800,19.9800,20.1800,19.5000,455400.0000,20.4467,20.9560,21.0043,20.8160,,
15,2025-01-23,20.0500,19.8000,20.5300,19.8000,469369.0000,19.9900,20.5720,20.8743,20.7060,,
16,2025-01-24,19.7900,20.7100,20.8800,19.7100,669392.0000,20.1633,20.3700,20.7557,20.7720,,
17,2025-01-27,20.6800,20.4600,20.9800,20.4500,344477.0000,20.3233,20.2280,20.5757,20.8000,,
18,2025-02-05,20.8000,20.5800,21.1400,20.3200,405078.0000,20.5833,20.3060,20.4129,20.7870,,
19,2025-02-06,20.5000,21.0800,21.0800,20.1200,436887.0000,20.7067,20.5260,20.4000,20.7410,20.8790,
20,2025-02-07,21.1000,22.7400,23.0700,21.0900,1096978.0000,21.4667,21.1140,20.7643,20.8430,20.9115,20.9676
21,2025-02-10,22.5500,22.1200,22.5500,21.6800,755238.0000,21.9800,21.3960,21.0700,20.8830,20.9530,20.9690
22,2025-02-11,22.0400,21.3900,22.2400,21.1800,561205.0000,22.0833,21.5820,21.2971,20.9050,20.9655,20.9738
23,2025-02-12,21.3900,21.7700,21.7700,21.2500,412302.0000,21.7600,21.8200,21.4486,21.0630,20.9980,21.0038
24,2025-02-13,21.6800,21.4300,21.8800,21.4000,345027.0000,21.5300,21.8900,21.5871,21.2080,21.0120,21.0186
25,2025-02-14,21.4300,21.4700,21.8000,21.2800,356714.0000,21.5567,21.6360,21.7143,21.3750,21.0405,21.0338
26,2025-02-17,21.3200,21.7800,21.8800,21.0300,519902.0000,21.5600,21.5680,21.8143,21.4820,21.1270,21.0757
27,2025-02-18,21.7000,20.9000,21.7500,20.8000,526760.0000,21.3833,21.4700,21.5514,21.5260,21.1630,21.1162
28,2025-02-19,20.8800,21.1900,21.5300,20.7000,532642.0000,21.2900,21.3540,21.4186,21.5870,21.1870,21.1643
29,2025-02-20,21.0300,20.4900,21.1000,20.4600,506116.0000,20.8600,21.1660,21.2900,21.5280,21.1345,21.1538
30,2025-02-21,20.4900,20.5800,20.7000,20.3800,504963.0000,20.7533,20.9880,21.1200,21.3120,21.0775,21.1081
31,2025-02-24,20.5800,20.8000,21.2200,20.4000,507392.0000,20.6233,20.7920,21.0300,21.1800,21.0315,21.0643
32,2025-02-25,20.5800,21.4200,21.7500,20.5300,922152.0000,20.9333,20.8960,21.0229,21.1830,21.0440,21.0500
33,2025-02-26,21.5800,22.0700,22.1300,21.2500,847410.0000,21.4300,21.0720,21.0643,21.2130,21.1380,21.0929
34,2025-02-27,21.9700,21.5600,21.9800,21.2700,507877.0000,21.6833,21.2860,21.1586,21.2260,21.2170,21.1581
35,2025-02-28,21.5000,21.0900,21.7500,21.0700,463771.0000,21.5733,21.3880,21.1443,21.1880,21.2815,21.2110
36,2025-03-03,21.0900,21.3100,21.8500,21.0900,567478.0000,21.3200,21.4900,21.2614,21.1410,21.3115,21.2829
37,2025-03-04,21.2200,21.2800,21.3600,20.8000,382259.0000,21.2267,21.4620,21.3614,21.1790,21.3525,21.3100
38,2025-03-05,21.1900,20.6400,21.2600,20.3300,554986.0000,21.0767,21.1760,21.3386,21.1240,21.3555,21.3186
39,2025-03-06,20.8800,21.3300,21.6800,20.6800,626192.0000,21.0833,21.1300,21.3257,21.2080,21.3680,21.3543
40,2025-03-07,21.1800,21.4200,21.9200,20.8500,553552.0000,21.1300,21.1960,21.2329,21.2920,21.3020,21.3705
41,2025-03-10,21.5000,21.7700,21.9700,21.4800,507760.0000,21.5067,21.2880,21.2629,21.3890,21.2845,21.3243
42,2025-03-11,21.4200,22.0700,22.0700,21.2100,468352.0000,21.7533,21.4460,21.4029,21.4540,21.3185,21.3219
43,2025-03-12,22.0400,21.4500,22.0900,21.4500,481397.0000,21.7633,21.6080,21.4229,21.3920,21.3025,21.3248
44,2025-03-13,21.4500,21.0200,21.5200,20.8800,327527.0000,21.5133,21.5460,21.3857,21.3380,21.2820,21.2890
45,2025-03-14,21.0900,21.6300,21.9800,21.0400,725660.0000,21.3667,21.5880,21.5271,21.3920,21.2900,21.2986
46,2025-03-17,21.8500,21.6600,22.1800,21.6000,388033.0000,21.4367,21.5660,21.5743,21.4270,21.2840,21.3076
47,2025-03-18,21.6300,21.4900,21.7800,21.4000,384910.0000,21.5933,21.4500,21.5843,21.4480,21.3135,21.2938
48,2025-03-19,21.4600,21.1200,21.5000,21.0700,428326.0000,21.4233,21.3840,21.4914,21.4960,21.3100,21.3043
49,2025-03-20,21.1500,21.0000,21.2300,20.9100,312767.0000,21.2033,21.3800,21.3386,21.4630,21.3355,21.2952
50,2025-03-21,20.9500,20.7900,21.2500,20.7500,375558.0000,20.9700,21.2120,21.2443,21.4000,21.3460,21.3095
51,2025-03-24,20.8100,20.5100,20.8800,20.2000,340989.0000,20.7667,20.9820,21.1714,21.2740,21.3315,21.3062
52,2025-03-25,20.5000,20.5000,20.7700,20.3600,305871.0000,20.6000,20.7840,21.0100,21.1170,21.2855,21.2919
53,2025-03-26,20.5000,20.8100,21.0300,20.4200,449184.0000,20.6067,20.7220,20.8886,21.0530,21.2225,21.2629
54,2025-03-27,20.5900,20.3200,20.6800,20.2700,375354.0000,20.5433,20.5860,20.7214,20.9830,21.1605,21.1795
55,2025-03-28,20.2800,19.9800,20.5200,19.9700,324471.0000,20.3700,20.4240,20.5586,20.8180,21.1050,21.1043
56,2025-03-31,19.9100,19.1300,19.9200,19.0800,511178.0000,19.8100,20.1480,20.2914,20.5650,20.9960,21.0110
57,2025-04-01,19.1300,19.1800,19.3200,18.9400,291660.0000,19.4300,19.8840,20.0614,20.3340,20.8910,20.9095
58,2025-04-02,19.0800,18.8900,19.2000,18.8700,254133.0000,19.0667,19.5000,19.8300,20.1110,20.8035,20.7957
59,2025-04-03,18.5600,18.6200,19.0900,18.5200,295910.0000,18.8967,19.1600,19.5614,19.8730,20.6680,20.6995
60,2025-04-07,17.6300,16.7600,17.7200,16.7600,606507.0000,18.0900,18.5160,18.9829,19.4700,20.4350,20.4819
61,2025-04-08,16.8600,17.0100,17.1600,16.6900,571093.0000,17.4633,18.0920,18.5100,19.1200,20.1970,20.2719
62,2025-04-09,16.7900,17.2000,17.2000,16.4800,558460.0000,16.9900,17.6960,18.1129,18.7900,19.9535,20.0543
63,2025-04-10,17.8000,17.4700,17.8500,17.2900,465716.0000,17.2267,17.4120,17.8757,18.4560,19.7545,19.8352
64,2025-04-11,17.4700,17.3100,17.4800,17.2500,335032.0000,17.3267,17.1500,17.6086,18.1550,19.5690,19.6381
65,2025-04-14,17.4600,17.4000,17.8700,17.3600,476632.0000,17.3933,17.2780,17.3957,17.8970,19.3575,19.4657
66,2025-04-15,17.4800,17.2500,17.4800,17.1400,260622.0000,17.3200,17.3260,17.2000,17.7090,19.1370,19.2571
67,2025-04-16,17.2300,17.4500,17.4500,16.8500,310767.0000,17.3667,17.3760,17.2986,17.5360,18.9350,19.0567
68,2025-04-17,17.2500,17.2700,17.3600,17.1600,221379.0000,17.3233,17.3360,17.3357,17.3740,18.7425,18.8557
69,2025-04-18,17.1300,16.9300,17.1700,16.8500,254425.0000,17.2167,17.2600,17.2971,17.2050,18.5390,18.6562
70,2025-04-21,16.8800,17.0100,17.0500,16.7600,208032.0000,17.0700,17.1820,17.2314,17.2300,18.3500,18.4662
71,2025-04-22,16.9800,16.9100,17.1800,16.8200,222164.0000,16.9500,17.1140,17.1743,17.2200,18.1700,18.2814
72,2025-04-23,17.0300,17.0100,17.2600,16.9500,232994.0000,16.9767,17.0260,17.1186,17.2010,17.9955,18.1148
73,2025-04-24,17.0500,16.8000,17.1100,16.7900,222092.0000,16.9067,16.9320,17.0543,17.1340,17.7950,17.9386
74,2025-04-25,16.8100,16.6600,16.8600,16.6300,310572.0000,16.8233,16.8780,16.9414,17.0690,17.6120,17.7410
75,2025-04-28,16.5400,16.6000,16.8300,16.4800,266513.0000,16.6867,16.7960,16.8457,16.9890,17.4430,17.5638
76,2025-04-29,16.5400,16.3100,16.7400,16.2900,287088.0000,16.5233,16.6760,16.7571,16.8950,17.3020,17.3890
77,2025-04-30,16.0800,16.3100,16.4500,16.0500,345458.0000,16.4067,16.5360,16.6571,16.7810,17.1585,17.2548
78,2025-05-06,16.3800,16.6300,16.6300,16.3800,327303.0000,16.4167,16.5020,16.6171,16.7170,17.0455,17.1333
79,2025-05-07,16.8500,16.7000,16.9000,16.5200,290533.0000,16.5467,16.5100,16.5729,16.6940,16.9495,17.0290
80,2025-05-08,16.6000,16.9000,16.9400,16.5800,294371.0000,16.7433,16.5700,16.5871,16.6830,16.9565,16.9471
81,2025-05-09,16.9300,16.5000,16.9300,16.4700,269488.0000,16.7000,16.6080,16.5643,16.6420,16.9310,16.9348
82,2025-05-12,16.6500,17.0600,17.1000,16.6500,468718.0000,16.8200,16.7580,16.6300,16.6470,16.9240,16.9371
83,2025-05-13,17.6000,18.3500,18.7700,17.6000,1614012.0000,17.3033,17.1020,16.9214,16.8020,16.9680,16.9919
84,2025-05-14,18.0000,17.7900,18.2500,17.6200,974081.0000,17.7333,17.3200,17.1329,16.9150,16.9920,17.0071
85,2025-05-15,17.7500,17.2000,17.7500,17.1700,520430.0000,17.7800,17.3800,17.2143,16.9750,16.9820,17.0019
86,2025-05-16,17.1000,17.2200,17.4400,17.1000,343051.0000,17.4033,17.5240,17.2886,17.0660,16.9805,16.9933
87,2025-05-19,17.1000,16.9800,17.1200,16.8700,316520.0000,17.1333,17.5080,17.3000,17.1330,16.9570,16.9805
88,2025-05-20,17.0000,17.1500,17.1800,16.7800,307454.0000,17.1167,17.2680,17.3929,17.1850,16.9510,16.9662
89,2025-05-21,17.0400,17.1800,17.2500,17.0100,266632.0000,17.1033,17.1460,17.4100,17.2330,16.9635,16.9619
90,2025-05-22,17.0700,16.9900,17.1700,16.9200,185908.0000,17.1067,17.1040,17.2157,17.2420,16.9625,16.9648
91,2025-05-23,16.9000,16.8400,17.2200,16.8400,253760.0000,17.0033,17.0280,17.0800,17.2760,16.9590,16.9567
92,2025-05-26,16.9500,17.1300,17.3900,16.8000,316285.0000,16.9867,17.0580,17.0700,17.2830,16.9650,16.9671
93,2025-05-27,17.0700,16.9500,17.1300,16.8900,183970.0000,16.9733,17.0180,17.0314,17.1430,16.9725,16.9643
94,2025-05-28,16.9800,16.8800,17.0400,16.8400,161928.0000,16.9867,16.9580,17.0171,17.0520,16.9835,16.9681
95,2025-05-29,16.9200,17.0000,17.0500,16.8400,201304.0000,16.9433,16.9600,16.9957,17.0320,17.0035,16.9843
96,2025-05-30,16.8900,16.2900,16.9300,16.2000,565986.0000,16.7233,16.8500,16.8686,16.9390,17.0025,16.9695
97,2025-06-03,16.1000,16.1900,16.2600,16.0600,260564.0000,16.4933,16.6620,16.7543,16.8600,16.9965,16.9638
98,2025-06-04,16.2500,16.3100,16.3500,16.2100,223418.0000,16.2633,16.5340,16.6786,16.7760,16.9805,16.9638
99,2025-06-05,16.3000,16.2300,16.3400,16.1700,237957.0000,16.2433,16.4040,16.5500,16.6810,16.9570,16.9448
100,2025-06-06,16.2800,16.0900,16.2900,16.0500,354489.0000,16.2100,16.2220,16.4271,16.5910,16.9165,16.9157
101,2025-06-09,16.0400,16.2700,16.3300,15.9500,355722.0000,16.1967,16.2180,16.3400,16.5340,16.9050,16.8857
102,2025-06-10,16.2200,15.9600,16.3400,15.9100,388508.0000,16.1067,16.1720,16.1914,16.4170,16.8500,16.8600
103,2025-06-11,15.9500,16.1400,16.4500,15.9300,439251.0000,16.1233,16.1380,16.1700,16.3360,16.7395,16.8162
104,2025-06-12,16.1100,16.0000,16.1100,15.8800,397146.0000,16.0333,16.0920,16.1429,16.2480,16.6500,16.7043
105,2025-06-13,15.9100,15.9300,15.9300,15.6400,563208.0000,16.0233,16.0600,16.0886,16.1410,16.5865,16.6157
106,2025-06-16,15.7800,15.6600,15.8800,15.5600,497469.0000,15.8633,15.9380,16.0071,16.0780,16.5085,16.5424
107,2025-06-17,15.6400,15.5900,15.7100,15.4800,281624.0000,15.7267,15.8640,15.9357,16.0180,16.4390,16.4648
108,2025-06-18,15.5400,15.3900,15.6200,15.3700,312212.0000,15.5467,15.7140,15.8100,15.9260,16.3510,16.3890
109,2025-06-19,15.3800,14.9800,15.4500,14.9700,419898.0000,15.3200,15.5100,15.6700,15.8010,16.2410,16.2857
110,2025-06-20,15.2200,15.2300,15.6500,15.1500,604134.0000,15.2000,15.3700,15.5400,15.7150,16.1530,16.1929
111,2025-06-23,15.0400,15.0600,15.1500,14.8900,416062.0000,15.0900,15.2500,15.4057,15.5940,16.0640,16.1010
112,2025-06-24,15.0900,15.4800,15.5000,15.0300,525527.0000,15.2567,15.2280,15.3414,15.5460,15.9815,16.0362
113,2025-06-25,15.4700,15.6700,15.6700,15.2900,528568.0000,15.4033,15.2840,15.3429,15.4990,15.9175,15.9667
114,2025-06-26,15.7600,15.6700,16.3600,15.6500,903707.0000,15.6067,15.4220,15.3543,15.4660,15.8570,15.9057
115,2025-06-27,15.7600,15.6500,16.0400,15.5300,593616.0000,15.6633,15.5060,15.3914,15.4380,15.7895,15.8471
116,2025-06-30,16.2000,16.7500,17.0000,16.0000,1629790.0000,16.0233,15.8440,15.6443,15.5470,15.8125,15.8352
117,2025-07-01,16.4700,16.1800,16.5800,16.1100,710333.0000,16.1933,15.9840,15.7800,15.6060,15.8120,15.8300
118,2025-07-02,16.5000,17.8000,17.8000,16.5000,1965795.0000,16.9100,16.4100,16.1714,15.8470,15.8865,15.9067
119,2025-07-03,18.0000,18.3200,18.4700,17.4300,2135150.0000,17.4333,16.9400,16.5771,16.1810,15.9910,16.0024
120,2025-07-04,18.4900,18.3600,18.7800,17.8600,1349068.0000,18.1600,17.4820,16.9614,16.4940,16.1045,16.1038
121,2025-07-07,18.0500,18.2000,18.5600,17.9000,693623.0000,18.2933,17.7720,17.3229,16.8080,16.2010,16.2043
122,2025-07-08,18.3500,20.0200,20.0200,18.1800,1451487.0000,18.8600,18.5400,17.9471,17.2620,16.4040,16.3829
123,2025-07-09,20.0000,20.2700,20.8700,19.8400,1857372.0000,19.4967,19.0340,18.4500,17.7220,16.6105,16.5881
124,2025-07-10,20.2600,20.8100,21.6400,20.0300,1995117.0000,20.3667,19.5320,19.1114,18.2360,16.8510,16.8105
125,2025-07-11,20.6900,20.3900,20.9000,20.2600,1255960.0000,20.4900,19.9380,19.4814,18.7100,17.0740,17.0195
126,2025-07-14,20.3900,20.6300,21.0300,20.3200,1206390.0000,20.6100,20.4240,19.8114,19.0980,17.3225,17.2433
127,2025-07-15,20.3900,20.1600,20.9100,20.0300,1179806.0000,20.3933,20.4520,20.0686,19.4960,17.5510,17.4576
128,2025-07-16,19.9500,20.6300,20.8400,19.5100,1358052.0000,20.4733,20.5240,20.4157,19.7790,17.8130,17.6976
129,2025-07-17,20.8500,20.7900,21.1100,20.1500,1317081.0000,20.5267,20.5200,20.5257,20.0260,18.1035,17.9548
130,2025-07-18,21.0000,20.3600,21.4900,20.3100,962596.0000,20.5933,20.5140,20.5386,20.2260,18.3600,18.2110
131,2025-07-21,20.3400,20.5300,20.8000,20.1700,749156.0000,20.5600,20.4940,20.4986,20.4590,18.6335,18.4633
132,2025-07-22,20.5000,21.6700,22.0000,20.3800,1639087.0000,20.8533,20.7960,20.6814,20.6240,18.9430,18.7781
133,2025-07-23,22.1000,21.1800,22.8700,21.0100,1859713.0000,21.1267,20.9060,20.7600,20.7150,19.2185,19.0495
134,2025-07-24,20.7500,21.8700,22.1500,20.6500,1379756.0000,21.5733,21.1220,21.0043,20.8210,19.5285,19.3448
135,2025-07-25,21.6700,21.1300,21.8000,21.0500,906140.0000,21.3933,21.2760,21.0757,20.8950,19.8025,19.6048
136,2025-07-28,20.7000,20.6000,21.0400,20.4100,779172.0000,21.2000,21.2900,21.0486,20.8920,19.9950,19.8405
137,2025-07-29,20.8100,21.3100,21.3500,20.6000,879341.0000,21.0133,21.2180,21.1843,21.0070,20.2515,20.0576
138,2025-07-30,21.2600,21.8500,22.6000,21.1800,1394159.0000,21.2533,21.3520,21.3729,21.1290,20.4540,20.3276
139,2025-07-31,21.3500,20.4300,21.3800,20.0100,1526098.0000,21.1967,21.0640,21.1957,21.0930,20.5595,20.4529
140,2025-08-01,20.1200,20.5800,21.3500,20.0000,1051816.0000,20.9533,20.9540,21.1100,21.1150,20.6705,20.5605
141,2025-08-04,20.1500,20.0700,20.2600,19.6500,797707.0000,20.3600,20.8480,20.8529,21.0690,20.7640,20.6419
142,2025-08-05,20.1100,20.5500,20.5800,19.9600,600413.0000,20.4000,20.6960,20.7700,20.9570,20.7905,20.7538
143,2025-08-06,20.5800,20.4200,20.6500,20.2800,490313.0000,20.3467,20.4100,20.7443,20.8810,20.7980,20.7729
144,2025-08-07,20.3800,20.1400,20.5000,19.9600,580499.0000,20.3700,20.3520,20.5771,20.7080,20.7645,20.7667
145,2025-08-08,20.0000,20.1500,20.5400,19.9400,616724.0000,20.2367,20.2660,20.3343,20.6100,20.7525,20.7352
146,2025-08-11,20.2900,20.8800,21.0400,20.2300,827024.0000,20.3900,20.4280,20.3986,20.6380,20.7650,20.7586
147,2025-08-12,20.7500,20.3600,20.7500,20.1400,702519.0000,20.4633,20.3900,20.3671,20.5430,20.7750,20.7457
148,2025-08-13,20.2900,20.1800,20.4200,20.1000,604544.0000,20.4733,20.3420,20.3829,20.3760,20.7525,20.7467
149,2025-08-14,20.0900,19.5600,20.1300,19.5100,830682.0000,20.0333,20.2260,20.2414,20.2890,20.6910,20.6957
150,2025-08-15,19.4800,20.8100,21.1700,19.4200,1522727.0000,20.1833,20.3580,20.2971,20.3120,20.7135,20.6967
151,2025-08-18,20.9900,20.7900,21.0800,20.6600,1125075.0000,20.3867,20.3400,20.3900,20.3840,20.7265,20.7171
152,2025-08-19,20.7900,20.6100,21.0600,20.5600,727553.0000,20.7367,20.3900,20.4557,20.3900,20.6735,20.7210
153,2025-08-20,21.1500,20.7700,21.3000,20.1800,1093443.0000,20.7233,20.5080,20.4400,20.4250,20.6530,20.6781
154,2025-08-21,20.6100,20.6600,21.1100,20.5400,968548.0000,20.6800,20.7280,20.4829,20.4770,20.5925,20.6533
155,2025-08-22,20.5000,21.0300,21.1300,20.4400,1005605.0000,20.8200,20.7720,20.6043,20.5650,20.5875,20.6133
156,2025-08-25,21.3000,21.5700,22.0000,21.2700,1410006.0000,21.0867,20.9280,20.8914,20.6340,20.6360,20.6343
157,2025-08-26,21.5500,21.3200,22.0600,21.2500,870981.0000,21.3067,21.0700,20.9643,20.7300,20.6365,20.6686
158,2025-08-27,21.3400,20.9000,21.9000,20.8400,930698.0000,21.2633,21.0960,20.9800,20.8020,20.5890,20.6490
159,2025-08-28,20.7100,21.5300,22.0000,20.7000,1193095.0000,21.2500,21.2700,21.1114,20.9990,20.6440,20.6338
160,2025-08-29,21.5600,22.0300,22.2500,21.3200,1326680.0000,21.4867,21.4700,21.2914,21.1210,20.7165,20.7100
161,2025-09-01,21.8100,22.5800,22.7900,21.2200,1527394.0000,22.0467,21.6720,21.5657,21.3000,20.8420,20.8052
162,2025-09-02,22.6200,21.9000,23.2000,21.6900,1528641.0000,22.1700,21.7880,21.6900,21.4290,20.9095,20.8924
163,2025-09-03,21.9000,21.9800,22.3900,21.5300,1122932.0000,22.1533,22.0040,21.7486,21.5500,20.9875,20.9605
164,2025-09-04,21.9900,22.9700,23.5000,21.9900,2169592.0000,22.2833,22.2920,21.9843,21.7810,21.1290,21.0819
165,2025-09-05,22.9000,24.3900,24.5000,22.7700,2133520.0000,23.1133,22.7640,22.4829,22.1170,21.3410,21.2843
166,2025-09-08,24.4000,24.0800,24.4100,23.5000,1627426.0000,23.8133,23.0640,22.8471,22.3680,21.5010,21.4714
167,2025-09-09,23.8400,23.6800,24.1400,23.3700,1044005.0000,24.0500,23.4200,23.0829,22.6040,21.6670,21.6048
168,2025-09-10,23.0600,22.2600,23.0600,22.0800,1348087.0000,23.3400,23.4760,23.0371,22.7400,21.7710,21.6952
169,2025-09-11,22.1100,22.4400,22.4900,22.0200,773318.0000,22.7933,23.3700,23.1143,22.8310,21.9150,21.8029
170,2025-09-12,22.4900,22.2300,22.6400,22.0600,771037.0000,22.3100,22.9380,23.1500,22.8510,21.9860,21.9300
171,2025-09-15,22.0500,22.1600,22.5900,22.0500,712124.0000,22.2767,22.5540,23.0343,22.8090,22.0545,21.9943
172,2025-09-16,22.5900,22.3900,23.0000,22.1800,707648.0000,22.2600,22.2960,22.7486,22.8580,22.1435,22.0705
173,2025-09-17,22.5800,22.9900,23.2900,22.5800,1153805.0000,22.5133,22.4420,22.5929,22.9590,22.2545,22.1838
174,2025-09-18,22.9900,22.1000,23.0700,21.8500,1056011.0000,22.4933,22.3740,22.3671,22.8720,22.3265,22.2471
175,2025-09-19,22.1900,21.8300,22.2900,21.8000,546963.0000,22.3067,22.2940,22.3057,22.6160,22.3665,22.3029
176,2025-09-22,21.8000,21.2800,21.8300,21.0300,622313.0000,21.7367,22.1180,22.1400,22.3360,22.3520,22.3148
177,2025-09-23,21.0700,20.7700,21.3600,20.3100,704453.0000,21.2933,21.7940,21.9314,22.0450,22.3245,22.2767
178,2025-09-24,20.6100,21.7400,21.7900,20.5100,773426.0000,21.2633,21.5440,21.8714,21.9930,22.3665,22.2967
179,2025-09-25,21.6400,21.9700,22.4200,21.5000,847409.0000,21.4933,21.5180,21.8114,21.9460,22.3885,22.3476
180,2025-09-26,21.9700,21.7400,22.1700,21.6800,434305.0000,21.8167,21.5000,21.6329,21.8970,22.3740,22.3576
181,2025-09-29,21.5100,21.8900,22.2500,21.5000,570405.0000,21.8667,21.6220,21.6029,21.8700,22.3395,22.3510
182,2025-09-30,21.8500,22.2900,22.4900,21.5700,652748.0000,21.9733,21.9260,21.6686,21.8600,22.3590,22.3371
183,2025-10-09,22.4600,22.7000,22.9800,22.0200,756362.0000,22.2933,22.1180,21.8714,21.8310,22.3950,22.3752
184,2025-10-10,22.7200,21.7900,22.9000,21.6700,720236.0000,22.2600,22.0820,22.0171,21.8000,22.3360,22.3662
185,2025-10-13,20.7000,21.9000,21.9700,20.6300,741527.0000,22.1300,22.1140,22.0400,21.8070,22.2115,22.3152
186,2025-10-14,21.8900,23.1200,23.9900,21.8300,1999016.0000,22.2700,22.3600,22.2043,21.9910,22.1635,22.2548
187,2025-10-15,23.1200,24.3700,24.9000,23.0100,1784520.0000,23.1300,22.7760,22.5800,22.3510,22.1980,22.2686
188,2025-10-16,24.0000,24.8400,24.9900,23.9000,1289776.0000,24.1100,23.2040,23.0014,22.6610,22.3270,22.3238
189,2025-10-17,24.8000,23.6000,25.2400,23.5000,1176764.0000,24.2700,23.5660,23.1886,22.8240,22.3850,22.3876
190,2025-10-20,23.9800,23.0300,23.9800,22.8500,713144.0000,23.8233,23.7920,23.2357,22.9530,22.4250,22.4157
191,2025-10-21,23.1000,23.0800,23.5600,22.6700,679172.0000,23.2367,23.7840,23.4200,23.0720,22.4710,22.4562
192,2025-10-22,22.9300,22.4700,23.0700,22.3800,510366.0000,22.8600,23.4040,23.5014,23.0900,22.4750,22.4710
193,2025-10-23,22.3100,22.8700,22.9500,21.6100,761180.0000,22.8067,23.0100,23.4657,23.1070,22.4690,22.4938
194,2025-10-24,22.8000,22.2100,23.0400,22.0000,1112896.0000,22.5167,22.7320,23.1571,23.1490,22.4745,22.4567
195,2025-10-27,22.6000,22.9300,23.4200,22.5100,1125977.0000,22.6700,22.7120,22.8843,23.2520,22.5295,22.4962
196,2025-10-28,23.1100,22.6100,23.3700,22.5200,666175.0000,22.5833,22.6180,22.7429,23.2010,22.5960,22.5333
197,2025-10-29,22.4000,24.8700,24.8700,22.4000,1832104.0000,23.4700,23.0980,23.0057,23.2510,22.8010,22.7043
198,2025-10-30,24.9600,24.7800,25.6800,24.6100,1671282.0000,24.0867,23.4800,23.2486,23.2450,22.9530,22.8952
199,2025-10-31,24.5800,24.7800,26.0200,24.5700,1054483.0000,24.8100,23.9940,23.5786,23.3630,23.0935,23.0400
200,2025-11-03,25.0000,25.2100,25.4600,24.5100,1186039.0000,24.9233,24.4500,23.9129,23.5810,23.2670,23.1943
201,2025-11-04,25.1900,24.3000,25.2700,24.0600,871891.0000,24.7633,24.7880,24.2114,23.7030,23.3875,23.3162
202,2025-11-05,23.8200,24.4000,25.1000,23.6000,1096226.0000,24.6367,24.6940,24.4214,23.8960,23.4930,23.4357
203,2025-11-06,24.4000,24.9600,25.5000,24.0800,1270079.0000,24.5533,24.7300,24.7571,24.1050,23.6060,23.5629
204,2025-11-07,24.8000,26.6500,27.4600,24.7500,3061780.0000,25.3367,25.1040,25.0114,24.5490,23.8490,23.7510
205,2025-11-10,27.2000,27.1600,27.6700,26.4100,2305942.0000,26.2567,25.4940,25.3514,24.9720,24.1120,24.0067
206,2025-11-11,26.9000,26.7200,27.7500,26.5500,1421806.0000,26.8433,25.9780,25.6286,25.3830,24.2920,24.2362
207,2025-11-12,26.4500,25.1000,26.6000,24.0500,2294305.0000,26.3267,26.1180,25.6129,25.4060,24.3285,24.3305
208,2025-11-13,25.0900,25.6200,26.3000,25.0900,1625223.0000,25.8133,26.2500,25.8014,25.4900,24.3675,24.3900
209,2025-11-14,25.1700,25.7600,27.2000,24.8400,1468067.0000,25.4933,26.0720,25.9957,25.5880,24.4755,24.4338
210,2025-11-17,25.4600,25.2200,25.5900,24.5900,1086178.0000,25.5333,25.6840,26.0329,25.5890,24.5850,24.5110
211,2025-11-18,25.0800,24.8800,25.6800,24.6300,625322.0000,25.2867,25.3160,25.7800,25.6470,24.6750,24.5990
212,2025-11-19,24.8300,25.9100,25.9600,24.2000,1149843.0000,25.3367,25.4780,25.6014,25.7980,24.8470,24.7338
213,2025-11-20,25.6000,24.5900,25.6600,24.4000,1019436.0000,25.1267,25.2720,25.2971,25.7610,24.9330,24.8348
214,2025-11-21,24.0000,22.9700,24.0000,22.9000,858439.0000,24.4900,24.7140,24.9929,25.3930,24.9710,24.8395
215,2025-11-24,23.1300,22.7200,23.3000,22.2200,631644.0000,23.4267,24.2140,24.5786,24.9490,24.9605,24.8638
216,2025-11-25,22.9400,22.7300,23.1900,22.7100,542189.0000,22.8067,23.7840,24.1457,24.5500,24.9665,24.8543
217,2025-11-26,23.4000,22.8600,23.6500,22.7700,540525.0000,22.7700,23.1740,23.8086,24.3260,24.8660,24.8662
218,2025-11-27,22.8600,23.0000,23.6900,22.7400,654011.0000,22.8633,22.8560,23.5400,24.0640,24.7770,24.7771
219,2025-11-28,22.8000,22.8800,23.2700,22.5600,459398.0000,22.9133,22.8380,23.1071,23.7760,24.6820,24.6867
220,2025-12-01,23.1800,23.3200,23.6500,22.7500,700644.0000,23.0667,22.9580,22.9257,23.5860,24.5875,24.6171
221,2025-12-02,22.9100,22.3500,22.9400,22.2900,672671.0000,22.8500,22.8820,22.8371,23.3330,24.4900,24.4810
222,2025-12-03,22.4000,22.0200,22.4500,21.7300,473929.0000,22.5633,22.7140,22.7371,22.9440,24.3710,24.3724
223,2025-12-04,21.8800,21.7200,21.9900,21.6000,366484.0000,22.0300,22.4580,22.5929,22.6570,24.2090,24.2448
224,2025-12-05,21.7200,21.8400,21.9400,21.5600,391936.0000,21.8600,22.2500,22.4471,22.5440,23.9685,24.0962
225,2025-12-08,21.6000,21.8900,21.9400,21.5400,490173.0000,21.8167,21.9640,22.2886,22.4610,23.7050,23.8695
226,2025-12-09,21.8300,22.6800,22.7000,21.4100,1201250.0000,22.1367,22.0300,22.2600,22.4560,23.5030,23.6562
227,2025-12-10,22.1800,22.0000,22.2100,21.5600,990703.0000,22.1900,22.0260,22.0714,22.3700,23.3480,23.4314
228,2025-12-11,21.8700,21.2600,22.0400,21.2300,637444.0000,21.9800,21.9340,21.9157,22.1960,23.1300,23.2486
229,2025-12-12,21.2400,21.6200,21.7500,21.0500,543527.0000,21.6267,21.8900,21.8586,22.0700,22.9230,23.0581
230,2025-12-15,21.4000,21.7400,22.0400,21.3600,571807.0000,21.5400,21.8600,21.8614,21.9120,22.7490,22.8667
231,2025-12-16,21.7300,20.8000,21.8800,20.8000,628448.0000,21.3867,21.4840,21.7129,21.7570,22.5450,22.6562
232,2025-12-17,20.8000,21.1800,21.2500,20.8000,655525.0000,21.2400,21.3200,21.6114,21.6730,22.3085,22.4800
233,2025-12-18,20.9400,20.7600,21.2000,20.7500,441044.0000,20.9133,21.2200,21.3371,21.5770,22.1170,22.2348
234,2025-12-19,20.7200,20.8000,21.2100,20.6800,582175.0000,20.9133,21.0560,21.1657,21.4730,22.0085,22.0543
235,2025-12-22,20.8100,20.8400,21.0800,20.7500,504576.0000,20.8000,20.8760,21.1057,21.3680,21.9145,21.9529
236,2025-12-23,20.8100,20.8600,21.1300,20.4200,639044.0000,20.8333,20.8880,20.9971,21.1860,21.8210,21.8643
237,2025-12-24,20.7000,21.0400,21.0900,20.4900,512481.0000,20.9133,20.8600,20.8971,21.0900,21.7300,21.7838
238,2025-12-25,20.9200,21.3800,21.4200,20.7800,594063.0000,21.0933,20.9840,20.9800,21.1020,21.6490,21.7133
239,2025-12-26,21.9800,21.8000,22.3000,21.7100,1035539.0000,21.4067,21.1840,21.0686,21.1200,21.5950,21.6562
240,2025-12-29,21.7000,21.5100,22.1200,21.4700,622589.0000,21.5633,21.3180,21.1757,21.0970,21.5045,21.5910
241,2025-12-30,21.2900,21.0100,21.4400,20.9500,642758.0000,21.4400,21.3480,21.2057,21.1180,21.4375,21.4810
242,2025-12-31,20.9200,20.5200,21.0400,20.5000,541505.0000,21.0133,21.2440,21.1600,21.0520,21.3625,21.3938
