stock_code,security_name,report_date,report_date_name,report_type,notice_date,operate_income,operate_income_yoy,parent_netprofit,parent_netprofit_yoy,deduct_parent_netprofit,deduct_parent_netprofit_yoy,basic_eps
sz002067,景兴纸业,2025-12-31 00:00:00,2025年报,年报,2026-04-25 00:00:00,6011715777.68,9.7163066357,55458068.84,-22.1798625966,-44179887.04,-474.667406901,0.04
sz002600,领益智造,2025-12-31 00:00:00,2025年报,年报,2026-03-28 00:00:00,51428944353.94,16.1985707963,2287723584.28,30.3378130501,1746588091.08,7.4119573552,0.33
sz002230,科大讯飞,2025-12-31 00:00:00,2025年报,年报,2026-04-29 00:00:00,27105390547.66,16.11739081,839390861.36,49.8476989924,264276850.77,40.4702131476,0.36
sh600763,通策医疗,2025-12-31 00:00:00,2025年报,年报,2026-04-18 00:00:00,2913101528.81,1.3683945133,501945804.29,0.1879385751,495889571.01,-0.0377493538,1.12
sh603259,药明康德,2025-12-31 00:00:00,2025年报,年报,2026-03-24 00:00:00,45456165774.18,15.8371756558,19150582400.69,102.6450517149,13240556954.42,32.5632829288,6.7
sh603799,华友钴业,2025-12-31 00:00:00,2025年报,年报,2026-04-08 00:00:00,81018674069.68,32.9361304158,6110378757.84,47.0670478997,5792932025.41,52.6427256312,3.34
sh601012,隆基绿能,2025-12-31 00:00:00,2025年报,年报,2026-04-29 00:00:00,70347049950.42,-14.8157984834,-6419556843.85,25.2853778426,-7361963984.28,15.5912761754,-0.85
sh600438,通威股份,2025-12-31 00:00:00,2025年报,年报,2026-04-30 00:00:00,84128281703.14,-8.5506533657,-9553425884.06,-35.7260287758,-9874556383.96,-39.9193314991,-2.1222
sz002361,神剑股份,2025-12-31 00:00:00,2025年报,年报,2026-04-28 00:00:00,2418645668.95,0.0431817846,13298188.39,-60.4817296576,8085603.15,-74.7037416701,0.014
sh601500,通用股份,2025-12-31 00:00:00,2025年报,年报,2026-04-30 00:00:00,8496572454.06,22.1113962183,201387979.06,-46.1360125614,186695518.86,-48.0321355209,0.13
sh600231,凌钢股份,2025-12-31 00:00:00,2025年报,年报,2026-04-01 00:00:00,15660884264.63,-13.4633622036,-1557256460.87,7.220941864,-1570537837.56,-6.7993829967,-0.56
sz300274,阳光电源,2025-12-31 00:00:00,2025年报,年报,2026-04-01 00:00:00,89184357325.77,14.5489746169,13461279955.37,21.972995167,12829035682.5,19.979030516,6.55
sh601636,旗滨集团,2025-12-31 00:00:00,2025年报,年报,2026-04-23 00:00:00,15737303302.36,0.5628817407,619048036.91,61.8058158622,103049315.44,-64.2993760736,0.2287
sz002129,TCL中环,2025-12-31 00:00:00,2025年报,年报,2026-03-25 00:00:00,29050247640.35,2.2230001955,-9263788838.65,5.6483548269,-9768159836.55,10.3866851368,-2.319
sz000100,TCL科技,2025-12-31 00:00:00,2025年报,年报,2026-03-28 00:00:00,184063391000.0,11.6734785162,4516782000.0,188.776123449,2896877070.0,870.9471243028,0.2333
sz300433,蓝思科技,2025-12-31 00:00:00,2025年报,年报,2026-03-31 00:00:00,74409731699.21,6.4565999913,4017827408.8,10.8702319698,3834709701.45,16.7148125949,0.79
